Table,Row,Risk,StdErr,LowerCL,UpperCL,_SkipLine
Table e_any_adhd * any_adhd,Row 1,0.0332,0.0002,0.0328,0.0336,
Table e_any_adhd * any_adhd,Row 2,0.2122,0.0024,0.2076,0.2168,
Table e_any_adhd * any_adhd,Total,0.0405,0.0002,0.0401,0.0410,
Table e_any_adhd * any_adhd,Difference,-0.1790,0.0024,-0.1837,-0.1744,1
Table e_any_adhd * any_sub,Row 1,0.0061,0.0001,0.0059,0.0062,
Table e_any_adhd * any_sub,Row 2,0.0151,0.0007,0.0138,0.0164,
Table e_any_adhd * any_sub,Total,0.0064,0.0001,0.0063,0.0066,
Table e_any_adhd * any_sub,Difference,-0.0090,0.0007,-0.0104,-0.0077,1
Table e_any_adhd * any_chad,Row 1,0.0603,0.0003,0.0598,0.0609,
Table e_any_adhd * any_chad,Row 2,0.1576,0.0020,0.1536,0.1617,
Table e_any_adhd * any_chad,Total,0.0643,0.0003,0.0638,0.0649,
Table e_any_adhd * any_chad,Difference,-0.0973,0.0021,-0.1014,-0.0933,1
Table e_any_adhd * any_dep,Row 1,0.0403,0.0002,0.0398,0.0407,
Table e_any_adhd * any_dep,Row 2,0.0744,0.0015,0.0715,0.0773,
Table e_any_adhd * any_dep,Total,0.0417,0.0002,0.0412,0.0421,
Table e_any_adhd * any_dep,Difference,-0.0341,0.0015,-0.0370,-0.0312,1
Table e_any_adhd * any_str,Row 1,0.0166,0.0002,0.0163,0.0169,
Table e_any_adhd * any_str,Row 2,0.0339,0.0010,0.0319,0.0359,
Table e_any_adhd * any_str,Total,0.0173,0.0002,0.0170,0.0176,
Table e_any_adhd * any_str,Difference,-0.0173,0.0010,-0.0193,-0.0152,1
Table e_any_adhd * any_anx,Row 1,0.0294,0.0002,0.0291,0.0298,
Table e_any_adhd * any_anx,Row 2,0.0499,0.0012,0.0476,0.0523,
Table e_any_adhd * any_anx,Total,0.0303,0.0002,0.0299,0.0307,
Table e_any_adhd * any_anx,Difference,-0.0205,0.0012,-0.0229,-0.0181,1
Table e_any_adhd * any_phb,Row 1,0.0094,0.0001,0.0092,0.0097,
Table e_any_adhd * any_phb,Row 2,0.0160,0.0007,0.0146,0.0173,
Table e_any_adhd * any_phb,Total,0.0097,0.0001,0.0095,0.0099,
Table e_any_adhd * any_phb,Difference,-0.0065,0.0007,-0.0079,-0.0052,1
Table e_any_adhd * any_ptsd,Row 1,0.0023,0.0001,0.0022,0.0024,
Table e_any_adhd * any_ptsd,Row 2,0.0068,0.0005,0.0059,0.0077,
Table e_any_adhd * any_ptsd,Total,0.0025,0.0001,0.0024,0.0026,
Table e_any_adhd * any_ptsd,Difference,-0.0045,0.0005,-0.0054,-0.0036,1
Table e_any_adhd * any_som,Row 1,0.0032,0.0001,0.0031,0.0033,
Table e_any_adhd * any_som,Row 2,0.0055,0.0004,0.0047,0.0063,
Table e_any_adhd * any_som,Total,0.0033,0.0001,0.0031,0.0034,
Table e_any_adhd * any_som,Difference,-0.0024,0.0004,-0.0032,-0.0015,1
Table e_any_adhd * any_psy,Row 1,0.0017,0.0000,0.0016,0.0017,
Table e_any_adhd * any_psy,Row 2,0.0045,0.0004,0.0037,0.0052,
Table e_any_adhd * any_psy,Total,0.0018,0.0000,0.0017,0.0019,
Table e_any_adhd * any_psy,Difference,-0.0028,0.0004,-0.0035,-0.0021,1
Table e_any_adhd * any_oth,Row 1,0.0381,0.0002,0.0376,0.0385,
Table e_any_adhd * any_oth,Row 2,0.0837,0.0016,0.0806,0.0867,
Table e_any_adhd * any_oth,Total,0.0400,0.0002,0.0395,0.0404,
Table e_any_adhd * any_oth,Difference,-0.0456,0.0016,-0.0487,-0.0425,1
Table e_any_adhd * any_slp,Row 1,0.0518,0.0003,0.0512,0.0523,
Table e_any_adhd * any_slp,Row 2,0.1155,0.0018,0.1120,0.1191,
Table e_any_adhd * any_slp,Total,0.0544,0.0003,0.0539,0.0549,
Table e_any_adhd * any_slp,Difference,-0.0638,0.0018,-0.0674,-0.0602,1
Table e_any_adhd * any_sex,Row 1,0.0013,0.0000,0.0012,0.0013,
Table e_any_adhd * any_sex,Row 2,0.0026,0.0003,0.0020,0.0031,
Table e_any_adhd * any_sex,Total,0.0013,0.0000,0.0012,0.0014,
Table e_any_adhd * any_sex,Difference,-0.0013,0.0003,-0.0019,-0.0008,1
Table e_any_adhd * any_per,Row 1,0.0013,0.0000,0.0012,0.0014,
Table e_any_adhd * any_per,Row 2,0.0035,0.0003,0.0028,0.0041,
Table e_any_adhd * any_per,Total,0.0014,0.0000,0.0013,0.0015,
Table e_any_adhd * any_per,Difference,-0.0022,0.0003,-0.0028,-0.0015,1
Table e_any_adhd * any_sui,Row 1,0.0031,0.0001,0.0030,0.0033,
Table e_any_adhd * any_sui,Row 2,0.0084,0.0005,0.0074,0.0094,
Table e_any_adhd * any_sui,Total,0.0034,0.0001,0.0032,0.0035,
Table e_any_adhd * any_sui,Difference,-0.0052,0.0005,-0.0062,-0.0042,1
Table e_any_adhd * any_con,Row 1,0.0416,0.0002,0.0411,0.0420,
Table e_any_adhd * any_con,Row 2,0.0598,0.0013,0.0572,0.0625,
Table e_any_adhd * any_con,Total,0.0423,0.0002,0.0419,0.0428,
Table e_any_adhd * any_con,Difference,-0.0183,0.0014,-0.0209,-0.0156,1
Table e_any_adhd * any_dev,Row 1,0.0231,0.0002,0.0227,0.0234,
Table e_any_adhd * any_dev,Row 2,0.0416,0.0011,0.0394,0.0438,
Table e_any_adhd * any_dev,Total,0.0238,0.0002,0.0235,0.0242,
Table e_any_adhd * any_dev,Difference,-0.0186,0.0011,-0.0208,-0.0163,1
Table e_any_adhd * any_stm,Row 1,0.0118,0.0001,0.0116,0.0121,
Table e_any_adhd * any_stm,Row 2,0.0238,0.0009,0.0221,0.0255,
Table e_any_adhd * any_stm,Total,0.0123,0.0001,0.0121,0.0126,
Table e_any_adhd * any_stm,Difference,-0.0119,0.0009,-0.0136,-0.0102,1
Table e_any_sub * any_adhd,Row 1,0.0364,0.0002,0.0359,0.0368,
Table e_any_sub * any_adhd,Row 2,0.0865,0.0011,0.0843,0.0887,
Table e_any_sub * any_adhd,Total,0.0405,0.0002,0.0401,0.0410,
Table e_any_sub * any_adhd,Difference,-0.0501,0.0012,-0.0524,-0.0479,1
Table e_any_sub * any_sub,Row 1,0.0056,0.0001,0.0054,0.0058,
Table e_any_sub * any_sub,Row 2,0.0158,0.0005,0.0148,0.0167,
Table e_any_sub * any_sub,Total,0.0064,0.0001,0.0063,0.0066,
Table e_any_sub * any_sub,Difference,-0.0102,0.0005,-0.0111,-0.0092,1
Table e_any_sub * any_chad,Row 1,0.0602,0.0003,0.0596,0.0608,
Table e_any_sub * any_chad,Row 2,0.1099,0.0012,0.1075,0.1123,
Table e_any_sub * any_chad,Total,0.0643,0.0003,0.0638,0.0649,
Table e_any_sub * any_chad,Difference,-0.0497,0.0013,-0.0522,-0.0472,1
Table e_any_sub * any_dep,Row 1,0.0391,0.0002,0.0387,0.0396,
Table e_any_sub * any_dep,Row 2,0.0699,0.0010,0.0680,0.0719,
Table e_any_sub * any_dep,Total,0.0417,0.0002,0.0412,0.0421,
Table e_any_sub * any_dep,Difference,-0.0308,0.0010,-0.0329,-0.0288,1
Table e_any_sub * any_str,Row 1,0.0157,0.0001,0.0155,0.0160,
Table e_any_sub * any_str,Row 2,0.0347,0.0007,0.0333,0.0361,
Table e_any_sub * any_str,Total,0.0173,0.0002,0.0170,0.0176,
Table e_any_sub * any_str,Difference,-0.0190,0.0007,-0.0204,-0.0175,1
Table e_any_sub * any_anx,Row 1,0.0287,0.0002,0.0283,0.0291,
Table e_any_sub * any_anx,Row 2,0.0475,0.0008,0.0458,0.0491,
Table e_any_sub * any_anx,Total,0.0303,0.0002,0.0299,0.0307,
Table e_any_sub * any_anx,Difference,-0.0187,0.0009,-0.0204,-0.0171,1
Table e_any_sub * any_phb,Row 1,0.0094,0.0001,0.0092,0.0096,
Table e_any_sub * any_phb,Row 2,0.0131,0.0004,0.0123,0.0140,
Table e_any_sub * any_phb,Total,0.0097,0.0001,0.0095,0.0099,
Table e_any_sub * any_phb,Difference,-0.0037,0.0005,-0.0046,-0.0029,1
Table e_any_sub * any_ptsd,Row 1,0.0021,0.0001,0.0020,0.0022,
Table e_any_sub * any_ptsd,Row 2,0.0070,0.0003,0.0064,0.0077,
Table e_any_sub * any_ptsd,Total,0.0025,0.0001,0.0024,0.0026,
Table e_any_sub * any_ptsd,Difference,-0.0050,0.0003,-0.0056,-0.0043,1
Table e_any_sub * any_som,Row 1,0.0031,0.0001,0.0030,0.0032,
Table e_any_sub * any_som,Row 2,0.0050,0.0003,0.0045,0.0056,
Table e_any_sub * any_som,Total,0.0033,0.0001,0.0031,0.0034,
Table e_any_sub * any_som,Difference,-0.0019,0.0003,-0.0025,-0.0014,1
Table e_any_sub * any_psy,Row 1,0.0016,0.0000,0.0015,0.0017,
Table e_any_sub * any_psy,Row 2,0.0036,0.0002,0.0032,0.0041,
Table e_any_sub * any_psy,Total,0.0018,0.0000,0.0017,0.0019,
Table e_any_sub * any_psy,Difference,-0.0020,0.0002,-0.0025,-0.0016,1
Table e_any_sub * any_oth,Row 1,0.0375,0.0002,0.0370,0.0379,
Table e_any_sub * any_oth,Row 2,0.0672,0.0010,0.0653,0.0692,
Table e_any_sub * any_oth,Total,0.0400,0.0002,0.0395,0.0404,
Table e_any_sub * any_oth,Difference,-0.0298,0.0010,-0.0318,-0.0278,1
Table e_any_sub * any_slp,Row 1,0.0512,0.0003,0.0507,0.0518,
Table e_any_sub * any_slp,Row 2,0.0887,0.0011,0.0865,0.0910,
Table e_any_sub * any_slp,Total,0.0544,0.0003,0.0539,0.0549,
Table e_any_sub * any_slp,Difference,-0.0375,0.0012,-0.0398,-0.0352,1
Table e_any_sub * any_sex,Row 1,0.0013,0.0000,0.0012,0.0013,
Table e_any_sub * any_sex,Row 2,0.0021,0.0002,0.0017,0.0024,
Table e_any_sub * any_sex,Total,0.0013,0.0000,0.0012,0.0014,
Table e_any_sub * any_sex,Difference,-0.0008,0.0002,-0.0012,-0.0005,1
Table e_any_sub * any_per,Row 1,0.0013,0.0000,0.0012,0.0013,
Table e_any_sub * any_per,Row 2,0.0030,0.0002,0.0026,0.0035,
Table e_any_sub * any_per,Total,0.0014,0.0000,0.0013,0.0015,
Table e_any_sub * any_per,Difference,-0.0018,0.0002,-0.0022,-0.0014,1
Table e_any_sub * any_sui,Row 1,0.0029,0.0001,0.0028,0.0031,
Table e_any_sub * any_sui,Row 2,0.0080,0.0003,0.0074,0.0087,
Table e_any_sub * any_sui,Total,0.0034,0.0001,0.0032,0.0035,
Table e_any_sub * any_sui,Difference,-0.0051,0.0003,-0.0058,-0.0044,1
Table e_any_sub * any_con,Row 1,0.0417,0.0002,0.0412,0.0422,
Table e_any_sub * any_con,Row 2,0.0492,0.0008,0.0476,0.0509,
Table e_any_sub * any_con,Total,0.0423,0.0002,0.0419,0.0428,
Table e_any_sub * any_con,Difference,-0.0076,0.0009,-0.0093,-0.0058,1
Table e_any_sub * any_dev,Row 1,0.0229,0.0002,0.0226,0.0233,
Table e_any_sub * any_dev,Row 2,0.0338,0.0007,0.0324,0.0352,
Table e_any_sub * any_dev,Total,0.0238,0.0002,0.0235,0.0242,
Table e_any_sub * any_dev,Difference,-0.0109,0.0007,-0.0124,-0.0095,1
Table e_any_sub * any_stm,Row 1,0.0121,0.0001,0.0118,0.0123,
Table e_any_sub * any_stm,Row 2,0.0153,0.0005,0.0143,0.0162,
Table e_any_sub * any_stm,Total,0.0123,0.0001,0.0121,0.0126,
Table e_any_sub * any_stm,Difference,-0.0032,0.0005,-0.0042,-0.0022,1
Table e_any_dep * any_adhd,Row 1,0.0261,0.0002,0.0256,0.0266,
Table e_any_dep * any_adhd,Row 2,0.0595,0.0004,0.0587,0.0603,
Table e_any_dep * any_adhd,Total,0.0405,0.0002,0.0401,0.0410,
Table e_any_dep * any_adhd,Difference,-0.0334,0.0005,-0.0344,-0.0325,1
Table e_any_dep * any_sub,Row 1,0.0044,0.0001,0.0042,0.0046,
Table e_any_dep * any_sub,Row 2,0.0091,0.0002,0.0088,0.0095,
Table e_any_dep * any_sub,Total,0.0064,0.0001,0.0063,0.0066,
Table e_any_dep * any_sub,Difference,-0.0048,0.0002,-0.0051,-0.0044,1
Table e_any_dep * any_chad,Row 1,0.0449,0.0003,0.0443,0.0455,
Table e_any_dep * any_chad,Row 2,0.0899,0.0005,0.0889,0.0908,
Table e_any_dep * any_chad,Total,0.0643,0.0003,0.0638,0.0649,
Table e_any_dep * any_chad,Difference,-0.0450,0.0006,-0.0461,-0.0438,1
Table e_any_dep * any_dep,Row 1,0.0266,0.0002,0.0262,0.0271,
Table e_any_dep * any_dep,Row 2,0.0614,0.0004,0.0606,0.0622,
Table e_any_dep * any_dep,Total,0.0417,0.0002,0.0412,0.0421,
Table e_any_dep * any_dep,Difference,-0.0348,0.0005,-0.0357,-0.0338,1
Table e_any_dep * any_str,Row 1,0.0102,0.0002,0.0099,0.0105,
Table e_any_dep * any_str,Row 2,0.0266,0.0003,0.0261,0.0272,
Table e_any_dep * any_str,Total,0.0173,0.0002,0.0170,0.0176,
Table e_any_dep * any_str,Difference,-0.0164,0.0003,-0.0170,-0.0157,1
Table e_any_dep * any_anx,Row 1,0.0202,0.0002,0.0198,0.0206,
Table e_any_dep * any_anx,Row 2,0.0435,0.0003,0.0428,0.0442,
Table e_any_dep * any_anx,Total,0.0303,0.0002,0.0299,0.0307,
Table e_any_dep * any_anx,Difference,-0.0233,0.0004,-0.0241,-0.0225,1
Table e_any_dep * any_phb,Row 1,0.0069,0.0001,0.0067,0.0072,
Table e_any_dep * any_phb,Row 2,0.0134,0.0002,0.0130,0.0137,
Table e_any_dep * any_phb,Total,0.0097,0.0001,0.0095,0.0099,
Table e_any_dep * any_phb,Difference,-0.0064,0.0002,-0.0069,-0.0060,1
Table e_any_dep * any_ptsd,Row 1,0.0011,0.0001,0.0010,0.0012,
Table e_any_dep * any_ptsd,Row 2,0.0042,0.0001,0.0040,0.0044,
Table e_any_dep * any_ptsd,Total,0.0025,0.0001,0.0024,0.0026,
Table e_any_dep * any_ptsd,Difference,-0.0031,0.0001,-0.0033,-0.0028,1
Table e_any_dep * any_som,Row 1,0.0025,0.0001,0.0024,0.0027,
Table e_any_dep * any_som,Row 2,0.0042,0.0001,0.0040,0.0045,
Table e_any_dep * any_som,Total,0.0033,0.0001,0.0031,0.0034,
Table e_any_dep * any_som,Difference,-0.0017,0.0001,-0.0020,-0.0015,1
Table e_any_dep * any_psy,Row 1,0.0010,0.0000,0.0009,0.0011,
Table e_any_dep * any_psy,Row 2,0.0028,0.0001,0.0026,0.0029,
Table e_any_dep * any_psy,Total,0.0018,0.0000,0.0017,0.0019,
Table e_any_dep * any_psy,Difference,-0.0018,0.0001,-0.0020,-0.0016,1
Table e_any_dep * any_oth,Row 1,0.0267,0.0002,0.0262,0.0272,
Table e_any_dep * any_oth,Row 2,0.0573,0.0004,0.0565,0.0581,
Table e_any_dep * any_oth,Total,0.0400,0.0002,0.0395,0.0404,
Table e_any_dep * any_oth,Difference,-0.0306,0.0005,-0.0316,-0.0297,1
Table e_any_dep * any_slp,Row 1,0.0381,0.0003,0.0376,0.0387,
Table e_any_dep * any_slp,Row 2,0.0757,0.0005,0.0748,0.0766,
Table e_any_dep * any_slp,Total,0.0544,0.0003,0.0539,0.0549,
Table e_any_dep * any_slp,Difference,-0.0375,0.0005,-0.0386,-0.0365,1
Table e_any_dep * any_sex,Row 1,0.0009,0.0000,0.0008,0.0010,
Table e_any_dep * any_sex,Row 2,0.0018,0.0001,0.0017,0.0020,
Table e_any_dep * any_sex,Total,0.0013,0.0000,0.0012,0.0014,
Table e_any_dep * any_sex,Difference,-0.0009,0.0001,-0.0011,-0.0007,1
Table e_any_dep * any_per,Row 1,0.0008,0.0000,0.0007,0.0008,
Table e_any_dep * any_per,Row 2,0.0023,0.0001,0.0021,0.0024,
Table e_any_dep * any_per,Total,0.0014,0.0000,0.0013,0.0015,
Table e_any_dep * any_per,Difference,-0.0015,0.0001,-0.0017,-0.0013,1
Table e_any_dep * any_sui,Row 1,0.0018,0.0001,0.0017,0.0019,
Table e_any_dep * any_sui,Row 2,0.0054,0.0001,0.0052,0.0057,
Table e_any_dep * any_sui,Total,0.0034,0.0001,0.0032,0.0035,
Table e_any_dep * any_sui,Difference,-0.0036,0.0001,-0.0039,-0.0033,1
Table e_any_dep * any_con,Row 1,0.0377,0.0003,0.0371,0.0383,
Table e_any_dep * any_con,Row 2,0.0484,0.0004,0.0476,0.0491,
Table e_any_dep * any_con,Total,0.0423,0.0002,0.0419,0.0428,
Table e_any_dep * any_con,Difference,-0.0107,0.0005,-0.0116,-0.0097,1
Table e_any_dep * any_dev,Row 1,0.0191,0.0002,0.0187,0.0196,
Table e_any_dep * any_dev,Row 2,0.0299,0.0003,0.0294,0.0305,
Table e_any_dep * any_dev,Total,0.0238,0.0002,0.0235,0.0242,
Table e_any_dep * any_dev,Difference,-0.0108,0.0004,-0.0115,-0.0101,1
Table e_any_dep * any_stm,Row 1,0.0102,0.0001,0.0099,0.0105,
Table e_any_dep * any_stm,Row 2,0.0152,0.0002,0.0147,0.0156,
Table e_any_dep * any_stm,Total,0.0123,0.0001,0.0121,0.0126,
Table e_any_dep * any_stm,Difference,-0.0050,0.0003,-0.0055,-0.0045,1
Table e_any_str * any_adhd,Row 1,0.0299,0.0003,0.0293,0.0304,
Table e_any_str * any_adhd,Row 2,0.0551,0.0004,0.0543,0.0559,
Table e_any_str * any_adhd,Total,0.0405,0.0002,0.0401,0.0410,
Table e_any_str * any_adhd,Difference,-0.0253,0.0005,-0.0262,-0.0243,1
Table e_any_str * any_sub,Row 1,0.0046,0.0001,0.0044,0.0048,
Table e_any_str * any_sub,Row 2,0.0089,0.0002,0.0086,0.0093,
Table e_any_str * any_sub,Total,0.0064,0.0001,0.0063,0.0066,
Table e_any_str * any_sub,Difference,-0.0043,0.0002,-0.0047,-0.0040,1
Table e_any_str * any_chad,Row 1,0.0490,0.0003,0.0484,0.0496,
Table e_any_str * any_chad,Row 2,0.0853,0.0005,0.0843,0.0862,
Table e_any_str * any_chad,Total,0.0643,0.0003,0.0638,0.0649,
Table e_any_str * any_chad,Difference,-0.0363,0.0006,-0.0374,-0.0351,1
Table e_any_str * any_dep,Row 1,0.0307,0.0003,0.0302,0.0312,
Table e_any_str * any_dep,Row 2,0.0566,0.0004,0.0558,0.0574,
Table e_any_str * any_dep,Total,0.0417,0.0002,0.0412,0.0421,
Table e_any_str * any_dep,Difference,-0.0259,0.0005,-0.0268,-0.0249,1
Table e_any_str * any_str,Row 1,0.0087,0.0001,0.0085,0.0090,
Table e_any_str * any_str,Row 2,0.0291,0.0003,0.0285,0.0296,
Table e_any_str * any_str,Total,0.0173,0.0002,0.0170,0.0176,
Table e_any_str * any_str,Difference,-0.0203,0.0003,-0.0210,-0.0197,1
Table e_any_str * any_anx,Row 1,0.0228,0.0002,0.0224,0.0232,
Table e_any_str * any_anx,Row 2,0.0405,0.0003,0.0398,0.0411,
Table e_any_str * any_anx,Total,0.0303,0.0002,0.0299,0.0307,
Table e_any_str * any_anx,Difference,-0.0177,0.0004,-0.0185,-0.0169,1
Table e_any_str * any_phb,Row 1,0.0077,0.0001,0.0074,0.0079,
Table e_any_str * any_phb,Row 2,0.0125,0.0002,0.0121,0.0129,
Table e_any_str * any_phb,Total,0.0097,0.0001,0.0095,0.0099,
Table e_any_str * any_phb,Difference,-0.0048,0.0002,-0.0053,-0.0044,1
Table e_any_str * any_ptsd,Row 1,0.0012,0.0001,0.0011,0.0013,
Table e_any_str * any_ptsd,Row 2,0.0042,0.0001,0.0040,0.0045,
Table e_any_str * any_ptsd,Total,0.0025,0.0001,0.0024,0.0026,
Table e_any_str * any_ptsd,Difference,-0.0030,0.0001,-0.0033,-0.0028,1
Table e_any_str * any_som,Row 1,0.0026,0.0001,0.0024,0.0027,
Table e_any_str * any_som,Row 2,0.0042,0.0001,0.0040,0.0044,
Table e_any_str * any_som,Total,0.0033,0.0001,0.0031,0.0034,
Table e_any_str * any_som,Difference,-0.0016,0.0001,-0.0019,-0.0014,1
Table e_any_str * any_psy,Row 1,0.0011,0.0000,0.0010,0.0012,
Table e_any_str * any_psy,Row 2,0.0027,0.0001,0.0025,0.0029,
Table e_any_str * any_psy,Total,0.0018,0.0000,0.0017,0.0019,
Table e_any_str * any_psy,Difference,-0.0016,0.0001,-0.0018,-0.0014,1
Table e_any_str * any_oth,Row 1,0.0301,0.0003,0.0296,0.0306,
Table e_any_str * any_oth,Row 2,0.0533,0.0004,0.0526,0.0541,
Table e_any_str * any_oth,Total,0.0400,0.0002,0.0395,0.0404,
Table e_any_str * any_oth,Difference,-0.0232,0.0005,-0.0241,-0.0223,1
Table e_any_str * any_slp,Row 1,0.0424,0.0003,0.0418,0.0430,
Table e_any_str * any_slp,Row 2,0.0706,0.0005,0.0698,0.0715,
Table e_any_str * any_slp,Total,0.0544,0.0003,0.0539,0.0549,
Table e_any_str * any_slp,Difference,-0.0282,0.0005,-0.0293,-0.0271,1
Table e_any_str * any_sex,Row 1,0.0010,0.0000,0.0009,0.0011,
Table e_any_str * any_sex,Row 2,0.0017,0.0001,0.0016,0.0018,
Table e_any_str * any_sex,Total,0.0013,0.0000,0.0012,0.0014,
Table e_any_str * any_sex,Difference,-0.0007,0.0001,-0.0008,-0.0005,1
Table e_any_str * any_per,Row 1,0.0009,0.0000,0.0009,0.0010,
Table e_any_str * any_per,Row 2,0.0020,0.0001,0.0019,0.0022,
Table e_any_str * any_per,Total,0.0014,0.0000,0.0013,0.0015,
Table e_any_str * any_per,Difference,-0.0011,0.0001,-0.0013,-0.0009,1
Table e_any_str * any_sui,Row 1,0.0017,0.0001,0.0016,0.0019,
Table e_any_str * any_sui,Row 2,0.0056,0.0001,0.0053,0.0058,
Table e_any_str * any_sui,Total,0.0034,0.0001,0.0032,0.0035,
Table e_any_str * any_sui,Difference,-0.0038,0.0001,-0.0041,-0.0036,1
Table e_any_str * any_con,Row 1,0.0384,0.0003,0.0379,0.0390,
Table e_any_str * any_con,Row 2,0.0476,0.0004,0.0469,0.0484,
Table e_any_str * any_con,Total,0.0423,0.0002,0.0419,0.0428,
Table e_any_str * any_con,Difference,-0.0092,0.0005,-0.0101,-0.0083,1
Table e_any_str * any_dev,Row 1,0.0203,0.0002,0.0199,0.0208,
Table e_any_str * any_dev,Row 2,0.0286,0.0003,0.0280,0.0291,
Table e_any_str * any_dev,Total,0.0238,0.0002,0.0235,0.0242,
Table e_any_str * any_dev,Difference,-0.0082,0.0004,-0.0089,-0.0075,1
Table e_any_str * any_stm,Row 1,0.0108,0.0002,0.0105,0.0111,
Table e_any_str * any_stm,Row 2,0.0143,0.0002,0.0139,0.0148,
Table e_any_str * any_stm,Total,0.0123,0.0001,0.0121,0.0126,
Table e_any_str * any_stm,Difference,-0.0035,0.0003,-0.0040,-0.0030,1
Table e_any_anx * any_adhd,Row 1,0.0338,0.0002,0.0333,0.0343,
Table e_any_anx * any_adhd,Row 2,0.0632,0.0006,0.0621,0.0644,
Table e_any_anx * any_adhd,Total,0.0405,0.0002,0.0401,0.0410,
Table e_any_anx * any_adhd,Difference,-0.0294,0.0006,-0.0307,-0.0282,1
Table e_any_anx * any_sub,Row 1,0.0055,0.0001,0.0053,0.0056,
Table e_any_anx * any_sub,Row 2,0.0097,0.0002,0.0093,0.0102,
Table e_any_anx * any_sub,Total,0.0064,0.0001,0.0063,0.0066,
Table e_any_anx * any_sub,Difference,-0.0043,0.0002,-0.0048,-0.0038,1
Table e_any_anx * any_chad,Row 1,0.0556,0.0003,0.0550,0.0561,
Table e_any_anx * any_chad,Row 2,0.0939,0.0007,0.0925,0.0953,
Table e_any_anx * any_chad,Total,0.0643,0.0003,0.0638,0.0649,
Table e_any_anx * any_chad,Difference,-0.0384,0.0008,-0.0398,-0.0369,1
Table e_any_anx * any_dep,Row 1,0.0362,0.0002,0.0357,0.0367,
Table e_any_anx * any_dep,Row 2,0.0601,0.0006,0.0590,0.0612,
Table e_any_anx * any_dep,Total,0.0417,0.0002,0.0412,0.0421,
Table e_any_anx * any_dep,Difference,-0.0239,0.0006,-0.0251,-0.0227,1
Table e_any_anx * any_str,Row 1,0.0144,0.0002,0.0141,0.0147,
Table e_any_anx * any_str,Row 2,0.0272,0.0004,0.0264,0.0280,
Table e_any_anx * any_str,Total,0.0173,0.0002,0.0170,0.0176,
Table e_any_anx * any_str,Difference,-0.0128,0.0004,-0.0136,-0.0120,1
Table e_any_anx * any_anx,Row 1,0.0243,0.0002,0.0239,0.0246,
Table e_any_anx * any_anx,Row 2,0.0506,0.0005,0.0496,0.0516,
Table e_any_anx * any_anx,Total,0.0303,0.0002,0.0299,0.0307,
Table e_any_anx * any_anx,Difference,-0.0263,0.0006,-0.0274,-0.0252,1
Table e_any_anx * any_phb,Row 1,0.0082,0.0001,0.0080,0.0085,
Table e_any_anx * any_phb,Row 2,0.0147,0.0003,0.0141,0.0152,
Table e_any_anx * any_phb,Total,0.0097,0.0001,0.0095,0.0099,
Table e_any_anx * any_phb,Difference,-0.0064,0.0003,-0.0070,-0.0058,1
Table e_any_anx * any_ptsd,Row 1,0.0019,0.0001,0.0018,0.0020,
Table e_any_anx * any_ptsd,Row 2,0.0043,0.0002,0.0040,0.0046,
Table e_any_anx * any_ptsd,Total,0.0025,0.0001,0.0024,0.0026,
Table e_any_anx * any_ptsd,Difference,-0.0023,0.0002,-0.0027,-0.0020,1
Table e_any_anx * any_som,Row 1,0.0028,0.0001,0.0027,0.0030,
Table e_any_anx * any_som,Row 2,0.0047,0.0002,0.0044,0.0050,
Table e_any_anx * any_som,Total,0.0033,0.0001,0.0031,0.0034,
Table e_any_anx * any_som,Difference,-0.0018,0.0002,-0.0022,-0.0015,1
Table e_any_anx * any_psy,Row 1,0.0014,0.0000,0.0013,0.0015,
Table e_any_anx * any_psy,Row 2,0.0029,0.0001,0.0026,0.0031,
Table e_any_anx * any_psy,Total,0.0018,0.0000,0.0017,0.0019,
Table e_any_anx * any_psy,Difference,-0.0014,0.0001,-0.0017,-0.0012,1
Table e_any_anx * any_oth,Row 1,0.0345,0.0002,0.0340,0.0349,
Table e_any_anx * any_oth,Row 2,0.0584,0.0006,0.0573,0.0596,
Table e_any_anx * any_oth,Total,0.0400,0.0002,0.0395,0.0404,
Table e_any_anx * any_oth,Difference,-0.0240,0.0006,-0.0252,-0.0228,1
Table e_any_anx * any_slp,Row 1,0.0472,0.0003,0.0466,0.0477,
Table e_any_anx * any_slp,Row 2,0.0787,0.0006,0.0774,0.0799,
Table e_any_anx * any_slp,Total,0.0544,0.0003,0.0539,0.0549,
Table e_any_anx * any_slp,Difference,-0.0315,0.0007,-0.0329,-0.0301,1
Table e_any_anx * any_sex,Row 1,0.0012,0.0000,0.0011,0.0013,
Table e_any_anx * any_sex,Row 2,0.0018,0.0001,0.0016,0.0020,
Table e_any_anx * any_sex,Total,0.0013,0.0000,0.0012,0.0014,
Table e_any_anx * any_sex,Difference,-0.0006,0.0001,-0.0008,-0.0004,1
Table e_any_anx * any_per,Row 1,0.0011,0.0000,0.0011,0.0012,
Table e_any_anx * any_per,Row 2,0.0023,0.0001,0.0021,0.0025,
Table e_any_anx * any_per,Total,0.0014,0.0000,0.0013,0.0015,
Table e_any_anx * any_per,Difference,-0.0011,0.0001,-0.0014,-0.0009,1
Table e_any_anx * any_sui,Row 1,0.0028,0.0001,0.0026,0.0029,
Table e_any_anx * any_sui,Row 2,0.0053,0.0002,0.0050,0.0057,
Table e_any_anx * any_sui,Total,0.0034,0.0001,0.0032,0.0035,
Table e_any_anx * any_sui,Difference,-0.0026,0.0002,-0.0029,-0.0022,1
Table e_any_anx * any_con,Row 1,0.0406,0.0003,0.0401,0.0411,
Table e_any_anx * any_con,Row 2,0.0480,0.0005,0.0470,0.0490,
Table e_any_anx * any_con,Total,0.0423,0.0002,0.0419,0.0428,
Table e_any_anx * any_con,Difference,-0.0073,0.0006,-0.0085,-0.0062,1
Table e_any_anx * any_dev,Row 1,0.0221,0.0002,0.0217,0.0225,
Table e_any_anx * any_dev,Row 2,0.0297,0.0004,0.0289,0.0305,
Table e_any_anx * any_dev,Total,0.0238,0.0002,0.0235,0.0242,
Table e_any_anx * any_dev,Difference,-0.0076,0.0004,-0.0085,-0.0067,1
Table e_any_anx * any_stm,Row 1,0.0111,0.0001,0.0109,0.0114,
Table e_any_anx * any_stm,Row 2,0.0164,0.0003,0.0158,0.0170,
Table e_any_anx * any_stm,Total,0.0123,0.0001,0.0121,0.0126,
Table e_any_anx * any_stm,Difference,-0.0052,0.0003,-0.0059,-0.0046,1
Table e_any_phb * any_adhd,Row 1,0.0388,0.0002,0.0383,0.0393,
Table e_any_phb * any_adhd,Row 2,0.0720,0.0013,0.0695,0.0746,
Table e_any_phb * any_adhd,Total,0.0405,0.0002,0.0401,0.0410,
Table e_any_phb * any_adhd,Difference,-0.0332,0.0013,-0.0358,-0.0306,1
Table e_any_phb * any_sub,Row 1,0.0063,0.0001,0.0061,0.0064,
Table e_any_phb * any_sub,Row 2,0.0096,0.0005,0.0087,0.0106,
Table e_any_phb * any_sub,Total,0.0064,0.0001,0.0063,0.0066,
Table e_any_phb * any_sub,Difference,-0.0034,0.0005,-0.0043,-0.0024,1
Table e_any_phb * any_chad,Row 1,0.0621,0.0003,0.0616,0.0627,
Table e_any_phb * any_chad,Row 2,0.1045,0.0015,0.1015,0.1075,
Table e_any_phb * any_chad,Total,0.0643,0.0003,0.0638,0.0649,
Table e_any_phb * any_chad,Difference,-0.0424,0.0015,-0.0454,-0.0394,1
Table e_any_phb * any_dep,Row 1,0.0405,0.0002,0.0400,0.0409,
Table e_any_phb * any_dep,Row 2,0.0629,0.0012,0.0605,0.0652,
Table e_any_phb * any_dep,Total,0.0417,0.0002,0.0412,0.0421,
Table e_any_phb * any_dep,Difference,-0.0224,0.0012,-0.0248,-0.0200,1
Table e_any_phb * any_str,Row 1,0.0168,0.0002,0.0165,0.0171,
Table e_any_phb * any_str,Row 2,0.0266,0.0008,0.0250,0.0282,
Table e_any_phb * any_str,Total,0.0173,0.0002,0.0170,0.0176,
Table e_any_phb * any_str,Difference,-0.0098,0.0008,-0.0114,-0.0082,1
Table e_any_phb * any_anx,Row 1,0.0291,0.0002,0.0287,0.0295,
Table e_any_phb * any_anx,Row 2,0.0515,0.0011,0.0494,0.0536,
Table e_any_phb * any_anx,Total,0.0303,0.0002,0.0299,0.0307,
Table e_any_phb * any_anx,Difference,-0.0224,0.0011,-0.0246,-0.0202,1
Table e_any_phb * any_phb,Row 1,0.0093,0.0001,0.0090,0.0095,
Table e_any_phb * any_phb,Row 2,0.0177,0.0006,0.0165,0.0190,
Table e_any_phb * any_phb,Total,0.0097,0.0001,0.0095,0.0099,
Table e_any_phb * any_phb,Difference,-0.0085,0.0007,-0.0097,-0.0072,1
Table e_any_phb * any_ptsd,Row 1,0.0024,0.0001,0.0023,0.0025,
Table e_any_phb * any_ptsd,Row 2,0.0044,0.0003,0.0038,0.0051,
Table e_any_phb * any_ptsd,Total,0.0025,0.0001,0.0024,0.0026,
Table e_any_phb * any_ptsd,Difference,-0.0021,0.0003,-0.0027,-0.0014,1
Table e_any_phb * any_som,Row 1,0.0032,0.0001,0.0030,0.0033,
Table e_any_phb * any_som,Row 2,0.0051,0.0003,0.0044,0.0058,
Table e_any_phb * any_som,Total,0.0033,0.0001,0.0031,0.0034,
Table e_any_phb * any_som,Difference,-0.0019,0.0003,-0.0026,-0.0012,1
Table e_any_phb * any_psy,Row 1,0.0017,0.0000,0.0016,0.0018,
Table e_any_phb * any_psy,Row 2,0.0029,0.0003,0.0024,0.0034,
Table e_any_phb * any_psy,Total,0.0018,0.0000,0.0017,0.0019,
Table e_any_phb * any_psy,Difference,-0.0012,0.0003,-0.0017,-0.0007,1
Table e_any_phb * any_oth,Row 1,0.0387,0.0002,0.0383,0.0392,
Table e_any_phb * any_oth,Row 2,0.0618,0.0012,0.0594,0.0641,
Table e_any_phb * any_oth,Total,0.0400,0.0002,0.0395,0.0404,
Table e_any_phb * any_oth,Difference,-0.0230,0.0012,-0.0254,-0.0206,1
Table e_any_phb * any_slp,Row 1,0.0527,0.0003,0.0522,0.0532,
Table e_any_phb * any_slp,Row 2,0.0840,0.0014,0.0812,0.0867,
Table e_any_phb * any_slp,Total,0.0544,0.0003,0.0539,0.0549,
Table e_any_phb * any_slp,Difference,-0.0312,0.0014,-0.0340,-0.0285,1
Table e_any_phb * any_sex,Row 1,0.0013,0.0000,0.0012,0.0014,
Table e_any_phb * any_sex,Row 2,0.0021,0.0002,0.0017,0.0025,
Table e_any_phb * any_sex,Total,0.0013,0.0000,0.0012,0.0014,
Table e_any_phb * any_sex,Difference,-0.0008,0.0002,-0.0012,-0.0004,1
Table e_any_phb * any_per,Row 1,0.0013,0.0000,0.0013,0.0014,
Table e_any_phb * any_per,Row 2,0.0026,0.0002,0.0021,0.0030,
Table e_any_phb * any_per,Total,0.0014,0.0000,0.0013,0.0015,
Table e_any_phb * any_per,Difference,-0.0012,0.0002,-0.0017,-0.0007,1
Table e_any_phb * any_sui,Row 1,0.0032,0.0001,0.0031,0.0034,
Table e_any_phb * any_sui,Row 2,0.0058,0.0004,0.0051,0.0065,
Table e_any_phb * any_sui,Total,0.0034,0.0001,0.0032,0.0035,
Table e_any_phb * any_sui,Difference,-0.0026,0.0004,-0.0033,-0.0018,1
Table e_any_phb * any_con,Row 1,0.0419,0.0002,0.0414,0.0423,
Table e_any_phb * any_con,Row 2,0.0505,0.0011,0.0484,0.0526,
Table e_any_phb * any_con,Total,0.0423,0.0002,0.0419,0.0428,
Table e_any_phb * any_con,Difference,-0.0086,0.0011,-0.0108,-0.0065,1
Table e_any_phb * any_dev,Row 1,0.0234,0.0002,0.0230,0.0237,
Table e_any_phb * any_dev,Row 2,0.0321,0.0009,0.0303,0.0338,
Table e_any_phb * any_dev,Total,0.0238,0.0002,0.0235,0.0242,
Table e_any_phb * any_dev,Difference,-0.0087,0.0009,-0.0104,-0.0069,1
Table e_any_phb * any_stm,Row 1,0.0120,0.0001,0.0118,0.0123,
Table e_any_phb * any_stm,Row 2,0.0179,0.0007,0.0166,0.0192,
Table e_any_phb * any_stm,Total,0.0123,0.0001,0.0121,0.0126,
Table e_any_phb * any_stm,Difference,-0.0059,0.0007,-0.0072,-0.0046,1
Table e_any_ptsd * any_adhd,Row 1,0.0389,0.0002,0.0385,0.0394,
Table e_any_ptsd * any_adhd,Row 2,0.0756,0.0015,0.0727,0.0785,
Table e_any_ptsd * any_adhd,Total,0.0405,0.0002,0.0401,0.0410,
Table e_any_ptsd * any_adhd,Difference,-0.0367,0.0015,-0.0396,-0.0338,1
Table e_any_ptsd * any_sub,Row 1,0.0061,0.0001,0.0060,0.0063,
Table e_any_ptsd * any_sub,Row 2,0.0132,0.0006,0.0120,0.0144,
Table e_any_ptsd * any_sub,Total,0.0064,0.0001,0.0063,0.0066,
Table e_any_ptsd * any_sub,Difference,-0.0071,0.0006,-0.0083,-0.0059,1
Table e_any_ptsd * any_chad,Row 1,0.0618,0.0003,0.0613,0.0624,
Table e_any_ptsd * any_chad,Row 2,0.1186,0.0018,0.1151,0.1221,
Table e_any_ptsd * any_chad,Total,0.0643,0.0003,0.0638,0.0649,
Table e_any_ptsd * any_chad,Difference,-0.0568,0.0018,-0.0603,-0.0532,1
Table e_any_ptsd * any_dep,Row 1,0.0401,0.0002,0.0397,0.0406,
Table e_any_ptsd * any_dep,Row 2,0.0756,0.0014,0.0727,0.0784,
Table e_any_ptsd * any_dep,Total,0.0417,0.0002,0.0412,0.0421,
Table e_any_ptsd * any_dep,Difference,-0.0355,0.0015,-0.0383,-0.0326,1
Table e_any_ptsd * any_str,Row 1,0.0161,0.0001,0.0158,0.0164,
Table e_any_ptsd * any_str,Row 2,0.0430,0.0011,0.0408,0.0453,
Table e_any_ptsd * any_str,Total,0.0173,0.0002,0.0170,0.0176,
Table e_any_ptsd * any_str,Difference,-0.0269,0.0011,-0.0291,-0.0246,1
Table e_any_ptsd * any_anx,Row 1,0.0293,0.0002,0.0289,0.0297,
Table e_any_ptsd * any_anx,Row 2,0.0517,0.0012,0.0494,0.0541,
Table e_any_ptsd * any_anx,Total,0.0303,0.0002,0.0299,0.0307,
Table e_any_ptsd * any_anx,Difference,-0.0224,0.0012,-0.0248,-0.0201,1
Table e_any_ptsd * any_phb,Row 1,0.0095,0.0001,0.0093,0.0097,
Table e_any_ptsd * any_phb,Row 2,0.0142,0.0006,0.0130,0.0155,
Table e_any_ptsd * any_phb,Total,0.0097,0.0001,0.0095,0.0099,
Table e_any_ptsd * any_phb,Difference,-0.0047,0.0006,-0.0060,-0.0035,1
Table e_any_ptsd * any_ptsd,Row 1,0.0020,0.0001,0.0019,0.0021,
Table e_any_ptsd * any_ptsd,Row 2,0.0134,0.0006,0.0122,0.0146,
Table e_any_ptsd * any_ptsd,Total,0.0025,0.0001,0.0024,0.0026,
Table e_any_ptsd * any_ptsd,Difference,-0.0114,0.0006,-0.0127,-0.0102,1
Table e_any_ptsd * any_som,Row 1,0.0031,0.0001,0.0030,0.0033,
Table e_any_ptsd * any_som,Row 2,0.0063,0.0004,0.0055,0.0071,
Table e_any_ptsd * any_som,Total,0.0033,0.0001,0.0031,0.0034,
Table e_any_ptsd * any_som,Difference,-0.0032,0.0004,-0.0040,-0.0023,1
Table e_any_ptsd * any_psy,Row 1,0.0017,0.0000,0.0016,0.0018,
Table e_any_ptsd * any_psy,Row 2,0.0041,0.0003,0.0035,0.0048,
Table e_any_ptsd * any_psy,Total,0.0018,0.0000,0.0017,0.0019,
Table e_any_ptsd * any_psy,Difference,-0.0025,0.0003,-0.0031,-0.0018,1
Table e_any_ptsd * any_oth,Row 1,0.0383,0.0002,0.0378,0.0387,
Table e_any_ptsd * any_oth,Row 2,0.0761,0.0015,0.0732,0.0789,
Table e_any_ptsd * any_oth,Total,0.0400,0.0002,0.0395,0.0404,
Table e_any_ptsd * any_oth,Difference,-0.0378,0.0015,-0.0407,-0.0349,1
Table e_any_ptsd * any_slp,Row 1,0.0525,0.0003,0.0520,0.0530,
Table e_any_ptsd * any_slp,Row 2,0.0943,0.0016,0.0912,0.0974,
Table e_any_ptsd * any_slp,Total,0.0544,0.0003,0.0539,0.0549,
Table e_any_ptsd * any_slp,Difference,-0.0418,0.0016,-0.0449,-0.0386,1
Table e_any_ptsd * any_sex,Row 1,0.0013,0.0000,0.0012,0.0014,
Table e_any_ptsd * any_sex,Row 2,0.0022,0.0003,0.0017,0.0027,
Table e_any_ptsd * any_sex,Total,0.0013,0.0000,0.0012,0.0014,
Table e_any_ptsd * any_sex,Difference,-0.0010,0.0003,-0.0015,-0.0005,1
Table e_any_ptsd * any_per,Row 1,0.0013,0.0000,0.0013,0.0014,
Table e_any_ptsd * any_per,Row 2,0.0030,0.0003,0.0024,0.0035,
Table e_any_ptsd * any_per,Total,0.0014,0.0000,0.0013,0.0015,
Table e_any_ptsd * any_per,Difference,-0.0016,0.0003,-0.0022,-0.0011,1
Table e_any_ptsd * any_sui,Row 1,0.0032,0.0001,0.0030,0.0033,
Table e_any_ptsd * any_sui,Row 2,0.0078,0.0005,0.0068,0.0087,
Table e_any_ptsd * any_sui,Total,0.0034,0.0001,0.0032,0.0035,
Table e_any_ptsd * any_sui,Difference,-0.0046,0.0005,-0.0055,-0.0037,1
Table e_any_ptsd * any_con,Row 1,0.0420,0.0002,0.0416,0.0425,
Table e_any_ptsd * any_con,Row 2,0.0484,0.0012,0.0461,0.0507,
Table e_any_ptsd * any_con,Total,0.0423,0.0002,0.0419,0.0428,
Table e_any_ptsd * any_con,Difference,-0.0064,0.0012,-0.0087,-0.0040,1
Table e_any_ptsd * any_dev,Row 1,0.0232,0.0002,0.0229,0.0236,
Table e_any_ptsd * any_dev,Row 2,0.0365,0.0010,0.0345,0.0384,
Table e_any_ptsd * any_dev,Total,0.0238,0.0002,0.0235,0.0242,
Table e_any_ptsd * any_dev,Difference,-0.0132,0.0010,-0.0152,-0.0112,1
Table e_any_ptsd * any_stm,Row 1,0.0121,0.0001,0.0119,0.0124,
Table e_any_ptsd * any_stm,Row 2,0.0165,0.0007,0.0151,0.0178,
Table e_any_ptsd * any_stm,Total,0.0123,0.0001,0.0121,0.0126,
Table e_any_ptsd * any_stm,Difference,-0.0043,0.0007,-0.0057,-0.0030,1
Table e_any_som * any_adhd,Row 1,0.0401,0.0002,0.0397,0.0406,
Table e_any_som * any_adhd,Row 2,0.0596,0.0018,0.0559,0.0632,
Table e_any_som * any_adhd,Total,0.0405,0.0002,0.0401,0.0410,
Table e_any_som * any_adhd,Difference,-0.0194,0.0019,-0.0231,-0.0158,1
Table e_any_som * any_sub,Row 1,0.0064,0.0001,0.0062,0.0066,
Table e_any_som * any_sub,Row 2,0.0082,0.0007,0.0068,0.0095,
Table e_any_som * any_sub,Total,0.0064,0.0001,0.0063,0.0066,
Table e_any_som * any_sub,Difference,-0.0018,0.0007,-0.0031,-0.0004,1
Table e_any_som * any_chad,Row 1,0.0635,0.0003,0.0630,0.0641,
Table e_any_som * any_chad,Row 2,0.1005,0.0023,0.0960,0.1050,
Table e_any_som * any_chad,Total,0.0643,0.0003,0.0638,0.0649,
Table e_any_som * any_chad,Difference,-0.0370,0.0023,-0.0415,-0.0324,1
Table e_any_som * any_dep,Row 1,0.0412,0.0002,0.0408,0.0417,
Table e_any_som * any_dep,Row 2,0.0610,0.0018,0.0574,0.0646,
Table e_any_som * any_dep,Total,0.0417,0.0002,0.0412,0.0421,
Table e_any_som * any_dep,Difference,-0.0198,0.0018,-0.0234,-0.0162,1
Table e_any_som * any_str,Row 1,0.0171,0.0002,0.0168,0.0174,
Table e_any_som * any_str,Row 2,0.0291,0.0013,0.0266,0.0317,
Table e_any_som * any_str,Total,0.0173,0.0002,0.0170,0.0176,
Table e_any_som * any_str,Difference,-0.0121,0.0013,-0.0146,-0.0095,1
Table e_any_som * any_anx,Row 1,0.0299,0.0002,0.0295,0.0303,
Table e_any_som * any_anx,Row 2,0.0483,0.0016,0.0451,0.0514,
Table e_any_som * any_anx,Total,0.0303,0.0002,0.0299,0.0307,
Table e_any_som * any_anx,Difference,-0.0184,0.0016,-0.0216,-0.0152,1
Table e_any_som * any_phb,Row 1,0.0096,0.0001,0.0094,0.0098,
Table e_any_som * any_phb,Row 2,0.0142,0.0009,0.0124,0.0159,
Table e_any_som * any_phb,Total,0.0097,0.0001,0.0095,0.0099,
Table e_any_som * any_phb,Difference,-0.0046,0.0009,-0.0063,-0.0028,1
Table e_any_som * any_ptsd,Row 1,0.0024,0.0001,0.0023,0.0025,
Table e_any_som * any_ptsd,Row 2,0.0053,0.0006,0.0042,0.0064,
Table e_any_som * any_ptsd,Total,0.0025,0.0001,0.0024,0.0026,
Table e_any_som * any_ptsd,Difference,-0.0029,0.0006,-0.0040,-0.0018,1
Table e_any_som * any_som,Row 1,0.0032,0.0001,0.0031,0.0033,
Table e_any_som * any_som,Row 2,0.0073,0.0006,0.0061,0.0085,
Table e_any_som * any_som,Total,0.0033,0.0001,0.0031,0.0034,
Table e_any_som * any_som,Difference,-0.0041,0.0006,-0.0054,-0.0029,1
Table e_any_som * any_psy,Row 1,0.0017,0.0000,0.0017,0.0018,
Table e_any_som * any_psy,Row 2,0.0029,0.0004,0.0021,0.0036,
Table e_any_som * any_psy,Total,0.0018,0.0000,0.0017,0.0019,
Table e_any_som * any_psy,Difference,-0.0011,0.0004,-0.0019,-0.0003,1
Table e_any_som * any_oth,Row 1,0.0395,0.0002,0.0390,0.0399,
Table e_any_som * any_oth,Row 2,0.0611,0.0018,0.0575,0.0647,
Table e_any_som * any_oth,Total,0.0400,0.0002,0.0395,0.0404,
Table e_any_som * any_oth,Difference,-0.0216,0.0019,-0.0252,-0.0180,1
Table e_any_som * any_slp,Row 1,0.0537,0.0003,0.0532,0.0542,
Table e_any_som * any_slp,Row 2,0.0842,0.0022,0.0800,0.0884,
Table e_any_som * any_slp,Total,0.0544,0.0003,0.0539,0.0549,
Table e_any_som * any_slp,Difference,-0.0305,0.0022,-0.0348,-0.0262,1
Table e_any_som * any_sex,Row 1,0.0013,0.0000,0.0012,0.0014,
Table e_any_som * any_sex,Row 2,0.0016,0.0003,0.0010,0.0021,
Table e_any_som * any_sex,Total,0.0013,0.0000,0.0012,0.0014,
Table e_any_som * any_sex,Difference,-0.0003,0.0003,-0.0008,0.0003,1
Table e_any_som * any_per,Row 1,0.0014,0.0000,0.0013,0.0015,
Table e_any_som * any_per,Row 2,0.0026,0.0004,0.0018,0.0033,
Table e_any_som * any_per,Total,0.0014,0.0000,0.0013,0.0015,
Table e_any_som * any_per,Difference,-0.0012,0.0004,-0.0020,-0.0005,1
Table e_any_som * any_sui,Row 1,0.0033,0.0001,0.0032,0.0034,
Table e_any_som * any_sui,Row 2,0.0058,0.0006,0.0047,0.0069,
Table e_any_som * any_sui,Total,0.0034,0.0001,0.0032,0.0035,
Table e_any_som * any_sui,Difference,-0.0025,0.0006,-0.0036,-0.0014,1
Table e_any_som * any_con,Row 1,0.0421,0.0002,0.0417,0.0426,
Table e_any_som * any_con,Row 2,0.0516,0.0017,0.0484,0.0549,
Table e_any_som * any_con,Total,0.0423,0.0002,0.0419,0.0428,
Table e_any_som * any_con,Difference,-0.0095,0.0017,-0.0128,-0.0062,1
Table e_any_som * any_dev,Row 1,0.0236,0.0002,0.0233,0.0239,
Table e_any_som * any_dev,Row 2,0.0336,0.0014,0.0309,0.0363,
Table e_any_som * any_dev,Total,0.0238,0.0002,0.0235,0.0242,
Table e_any_som * any_dev,Difference,-0.0100,0.0014,-0.0127,-0.0073,1
Table e_any_som * any_stm,Row 1,0.0122,0.0001,0.0120,0.0124,
Table e_any_som * any_stm,Row 2,0.0177,0.0010,0.0158,0.0197,
Table e_any_som * any_stm,Total,0.0123,0.0001,0.0121,0.0126,
Table e_any_som * any_stm,Difference,-0.0055,0.0010,-0.0075,-0.0035,1
Table e_any_psy * any_adhd,Row 1,0.0386,0.0002,0.0382,0.0391,
Table e_any_psy * any_adhd,Row 2,0.0902,0.0017,0.0867,0.0936,
Table e_any_psy * any_adhd,Total,0.0405,0.0002,0.0401,0.0410,
Table e_any_psy * any_adhd,Difference,-0.0515,0.0018,-0.0550,-0.0481,1
Table e_any_psy * any_sub,Row 1,0.0061,0.0001,0.0059,0.0063,
Table e_any_psy * any_sub,Row 2,0.0149,0.0007,0.0135,0.0163,
Table e_any_psy * any_sub,Total,0.0064,0.0001,0.0063,0.0066,
Table e_any_psy * any_sub,Difference,-0.0088,0.0007,-0.0102,-0.0074,1
Table e_any_psy * any_chad,Row 1,0.0621,0.0003,0.0616,0.0627,
Table e_any_psy * any_chad,Row 2,0.1220,0.0019,0.1181,0.1258,
Table e_any_psy * any_chad,Total,0.0643,0.0003,0.0638,0.0649,
Table e_any_psy * any_chad,Difference,-0.0598,0.0020,-0.0637,-0.0560,1
Table e_any_psy * any_dep,Row 1,0.0402,0.0002,0.0397,0.0406,
Table e_any_psy * any_dep,Row 2,0.0811,0.0016,0.0779,0.0842,
Table e_any_psy * any_dep,Total,0.0417,0.0002,0.0412,0.0421,
Table e_any_psy * any_dep,Difference,-0.0409,0.0016,-0.0441,-0.0377,1
Table e_any_psy * any_str,Row 1,0.0165,0.0001,0.0162,0.0168,
Table e_any_psy * any_str,Row 2,0.0387,0.0011,0.0364,0.0409,
Table e_any_psy * any_str,Total,0.0173,0.0002,0.0170,0.0176,
Table e_any_psy * any_str,Difference,-0.0222,0.0012,-0.0244,-0.0199,1
Table e_any_psy * any_anx,Row 1,0.0293,0.0002,0.0289,0.0297,
Table e_any_psy * any_anx,Row 2,0.0558,0.0013,0.0531,0.0584,
Table e_any_psy * any_anx,Total,0.0303,0.0002,0.0299,0.0307,
Table e_any_psy * any_anx,Difference,-0.0265,0.0014,-0.0291,-0.0238,1
Table e_any_psy * any_phb,Row 1,0.0094,0.0001,0.0092,0.0096,
Table e_any_psy * any_phb,Row 2,0.0174,0.0008,0.0159,0.0189,
Table e_any_psy * any_phb,Total,0.0097,0.0001,0.0095,0.0099,
Table e_any_psy * any_phb,Difference,-0.0080,0.0008,-0.0095,-0.0065,1
Table e_any_psy * any_ptsd,Row 1,0.0023,0.0001,0.0022,0.0024,
Table e_any_psy * any_ptsd,Row 2,0.0076,0.0005,0.0066,0.0086,
Table e_any_psy * any_ptsd,Total,0.0025,0.0001,0.0024,0.0026,
Table e_any_psy * any_ptsd,Difference,-0.0054,0.0005,-0.0064,-0.0043,1
Table e_any_psy * any_som,Row 1,0.0032,0.0001,0.0031,0.0033,
Table e_any_psy * any_som,Row 2,0.0056,0.0004,0.0048,0.0065,
Table e_any_psy * any_som,Total,0.0033,0.0001,0.0031,0.0034,
Table e_any_psy * any_som,Difference,-0.0024,0.0004,-0.0033,-0.0016,1
Table e_any_psy * any_psy,Row 1,0.0016,0.0000,0.0015,0.0017,
Table e_any_psy * any_psy,Row 2,0.0069,0.0005,0.0059,0.0078,
Table e_any_psy * any_psy,Total,0.0018,0.0000,0.0017,0.0019,
Table e_any_psy * any_psy,Difference,-0.0053,0.0005,-0.0062,-0.0044,1
Table e_any_psy * any_oth,Row 1,0.0382,0.0002,0.0378,0.0387,
Table e_any_psy * any_oth,Row 2,0.0851,0.0017,0.0819,0.0884,
Table e_any_psy * any_oth,Total,0.0400,0.0002,0.0395,0.0404,
Table e_any_psy * any_oth,Difference,-0.0469,0.0017,-0.0502,-0.0436,1
Table e_any_psy * any_slp,Row 1,0.0527,0.0003,0.0521,0.0532,
Table e_any_psy * any_slp,Row 2,0.0990,0.0018,0.0955,0.1025,
Table e_any_psy * any_slp,Total,0.0544,0.0003,0.0539,0.0549,
Table e_any_psy * any_slp,Difference,-0.0464,0.0018,-0.0499,-0.0428,1
Table e_any_psy * any_sex,Row 1,0.0013,0.0000,0.0012,0.0013,
Table e_any_psy * any_sex,Row 2,0.0027,0.0003,0.0021,0.0033,
Table e_any_psy * any_sex,Total,0.0013,0.0000,0.0012,0.0014,
Table e_any_psy * any_sex,Difference,-0.0014,0.0003,-0.0020,-0.0008,1
Table e_any_psy * any_per,Row 1,0.0013,0.0000,0.0012,0.0014,
Table e_any_psy * any_per,Row 2,0.0039,0.0004,0.0032,0.0046,
Table e_any_psy * any_per,Total,0.0014,0.0000,0.0013,0.0015,
Table e_any_psy * any_per,Difference,-0.0026,0.0004,-0.0033,-0.0019,1
Table e_any_psy * any_sui,Row 1,0.0032,0.0001,0.0030,0.0033,
Table e_any_psy * any_sui,Row 2,0.0082,0.0005,0.0072,0.0092,
Table e_any_psy * any_sui,Total,0.0034,0.0001,0.0032,0.0035,
Table e_any_psy * any_sui,Difference,-0.0050,0.0005,-0.0061,-0.0040,1
Table e_any_psy * any_con,Row 1,0.0419,0.0002,0.0414,0.0423,
Table e_any_psy * any_con,Row 2,0.0535,0.0013,0.0508,0.0561,
Table e_any_psy * any_con,Total,0.0423,0.0002,0.0419,0.0428,
Table e_any_psy * any_con,Difference,-0.0116,0.0014,-0.0142,-0.0089,1
Table e_any_psy * any_dev,Row 1,0.0233,0.0002,0.0229,0.0236,
Table e_any_psy * any_dev,Row 2,0.0377,0.0011,0.0355,0.0399,
Table e_any_psy * any_dev,Total,0.0238,0.0002,0.0235,0.0242,
Table e_any_psy * any_dev,Difference,-0.0144,0.0011,-0.0166,-0.0122,1
Table e_any_psy * any_stm,Row 1,0.0121,0.0001,0.0119,0.0124,
Table e_any_psy * any_stm,Row 2,0.0176,0.0008,0.0160,0.0191,
Table e_any_psy * any_stm,Total,0.0123,0.0001,0.0121,0.0126,
Table e_any_psy * any_stm,Difference,-0.0054,0.0008,-0.0070,-0.0039,1
Table e_any_oth * any_adhd,Row 1,0.0312,0.0003,0.0307,0.0317,
Table e_any_oth * any_adhd,Row 2,0.0568,0.0005,0.0559,0.0577,
Table e_any_oth * any_adhd,Total,0.0405,0.0002,0.0401,0.0410,
Table e_any_oth * any_adhd,Difference,-0.0256,0.0005,-0.0266,-0.0246,1
Table e_any_oth * any_sub,Row 1,0.0053,0.0001,0.0051,0.0055,
Table e_any_oth * any_sub,Row 2,0.0084,0.0002,0.0081,0.0087,
Table e_any_oth * any_sub,Total,0.0064,0.0001,0.0063,0.0066,
Table e_any_oth * any_sub,Difference,-0.0031,0.0002,-0.0034,-0.0027,1
Table e_any_oth * any_chad,Row 1,0.0523,0.0003,0.0516,0.0529,
Table e_any_oth * any_chad,Row 2,0.0854,0.0005,0.0844,0.0865,
Table e_any_oth * any_chad,Total,0.0643,0.0003,0.0638,0.0649,
Table e_any_oth * any_chad,Difference,-0.0332,0.0006,-0.0344,-0.0320,1
Table e_any_oth * any_dep,Row 1,0.0339,0.0003,0.0334,0.0344,
Table e_any_oth * any_dep,Row 2,0.0553,0.0004,0.0544,0.0561,
Table e_any_oth * any_dep,Total,0.0417,0.0002,0.0412,0.0421,
Table e_any_oth * any_dep,Difference,-0.0214,0.0005,-0.0224,-0.0204,1
Table e_any_oth * any_str,Row 1,0.0134,0.0002,0.0131,0.0138,
Table e_any_oth * any_str,Row 2,0.0241,0.0003,0.0235,0.0247,
Table e_any_oth * any_str,Total,0.0173,0.0002,0.0170,0.0176,
Table e_any_oth * any_str,Difference,-0.0107,0.0003,-0.0113,-0.0100,1
Table e_any_oth * any_anx,Row 1,0.0245,0.0002,0.0241,0.0249,
Table e_any_oth * any_anx,Row 2,0.0404,0.0004,0.0397,0.0411,
Table e_any_oth * any_anx,Total,0.0303,0.0002,0.0299,0.0307,
Table e_any_oth * any_anx,Difference,-0.0159,0.0004,-0.0168,-0.0151,1
Table e_any_oth * any_phb,Row 1,0.0079,0.0001,0.0076,0.0081,
Table e_any_oth * any_phb,Row 2,0.0130,0.0002,0.0125,0.0134,
Table e_any_oth * any_phb,Total,0.0097,0.0001,0.0095,0.0099,
Table e_any_oth * any_phb,Difference,-0.0051,0.0002,-0.0056,-0.0046,1
Table e_any_oth * any_ptsd,Row 1,0.0017,0.0001,0.0016,0.0018,
Table e_any_oth * any_ptsd,Row 2,0.0038,0.0001,0.0036,0.0041,
Table e_any_oth * any_ptsd,Total,0.0025,0.0001,0.0024,0.0026,
Table e_any_oth * any_ptsd,Difference,-0.0021,0.0001,-0.0024,-0.0019,1
Table e_any_oth * any_som,Row 1,0.0027,0.0001,0.0026,0.0028,
Table e_any_oth * any_som,Row 2,0.0043,0.0001,0.0040,0.0045,
Table e_any_oth * any_som,Total,0.0033,0.0001,0.0031,0.0034,
Table e_any_oth * any_som,Difference,-0.0016,0.0001,-0.0018,-0.0013,1
Table e_any_oth * any_psy,Row 1,0.0013,0.0000,0.0012,0.0014,
Table e_any_oth * any_psy,Row 2,0.0027,0.0001,0.0025,0.0028,
Table e_any_oth * any_psy,Total,0.0018,0.0000,0.0017,0.0019,
Table e_any_oth * any_psy,Difference,-0.0014,0.0001,-0.0016,-0.0012,1
Table e_any_oth * any_oth,Row 1,0.0296,0.0002,0.0291,0.0301,
Table e_any_oth * any_oth,Row 2,0.0580,0.0004,0.0571,0.0589,
Table e_any_oth * any_oth,Total,0.0400,0.0002,0.0395,0.0404,
Table e_any_oth * any_oth,Difference,-0.0284,0.0005,-0.0294,-0.0274,1
Table e_any_oth * any_slp,Row 1,0.0435,0.0003,0.0429,0.0441,
Table e_any_oth * any_slp,Row 2,0.0734,0.0005,0.0724,0.0743,
Table e_any_oth * any_slp,Total,0.0544,0.0003,0.0539,0.0549,
Table e_any_oth * any_slp,Difference,-0.0299,0.0006,-0.0310,-0.0287,1
Table e_any_oth * any_sex,Row 1,0.0011,0.0000,0.0010,0.0012,
Table e_any_oth * any_sex,Row 2,0.0017,0.0001,0.0016,0.0019,
Table e_any_oth * any_sex,Total,0.0013,0.0000,0.0012,0.0014,
Table e_any_oth * any_sex,Difference,-0.0006,0.0001,-0.0008,-0.0005,1
Table e_any_oth * any_per,Row 1,0.0010,0.0000,0.0009,0.0011,
Table e_any_oth * any_per,Row 2,0.0021,0.0001,0.0019,0.0022,
Table e_any_oth * any_per,Total,0.0014,0.0000,0.0013,0.0015,
Table e_any_oth * any_per,Difference,-0.0010,0.0001,-0.0012,-0.0009,1
Table e_any_oth * any_sui,Row 1,0.0024,0.0001,0.0023,0.0026,
Table e_any_oth * any_sui,Row 2,0.0050,0.0001,0.0047,0.0052,
Table e_any_oth * any_sui,Total,0.0034,0.0001,0.0032,0.0035,
Table e_any_oth * any_sui,Difference,-0.0026,0.0001,-0.0029,-0.0023,1
Table e_any_oth * any_con,Row 1,0.0392,0.0003,0.0386,0.0397,
Table e_any_oth * any_con,Row 2,0.0478,0.0004,0.0471,0.0486,
Table e_any_oth * any_con,Total,0.0423,0.0002,0.0419,0.0428,
Table e_any_oth * any_con,Difference,-0.0087,0.0005,-0.0096,-0.0077,1
Table e_any_oth * any_dev,Row 1,0.0208,0.0002,0.0204,0.0212,
Table e_any_oth * any_dev,Row 2,0.0291,0.0003,0.0285,0.0298,
Table e_any_oth * any_dev,Total,0.0238,0.0002,0.0235,0.0242,
Table e_any_oth * any_dev,Difference,-0.0084,0.0004,-0.0091,-0.0076,1
Table e_any_oth * any_stm,Row 1,0.0106,0.0001,0.0104,0.0109,
Table e_any_oth * any_stm,Row 2,0.0153,0.0002,0.0148,0.0157,
Table e_any_oth * any_stm,Total,0.0123,0.0001,0.0121,0.0126,
Table e_any_oth * any_stm,Difference,-0.0046,0.0003,-0.0051,-0.0041,1
Table e_any_slp * any_adhd,Row 1,0.0327,0.0002,0.0322,0.0332,
Table e_any_slp * any_adhd,Row 2,0.0615,0.0005,0.0604,0.0626,
Table e_any_slp * any_adhd,Total,0.0405,0.0002,0.0401,0.0410,
Table e_any_slp * any_adhd,Difference,-0.0288,0.0006,-0.0299,-0.0276,1
Table e_any_slp * any_sub,Row 1,0.0053,0.0001,0.0051,0.0055,
Table e_any_slp * any_sub,Row 2,0.0095,0.0002,0.0091,0.0099,
Table e_any_slp * any_sub,Total,0.0064,0.0001,0.0063,0.0066,
Table e_any_slp * any_sub,Difference,-0.0042,0.0002,-0.0047,-0.0038,1
Table e_any_slp * any_chad,Row 1,0.0553,0.0003,0.0547,0.0559,
Table e_any_slp * any_chad,Row 2,0.0885,0.0006,0.0873,0.0897,
Table e_any_slp * any_chad,Total,0.0643,0.0003,0.0638,0.0649,
Table e_any_slp * any_chad,Difference,-0.0332,0.0007,-0.0345,-0.0318,1
Table e_any_slp * any_dep,Row 1,0.0349,0.0002,0.0345,0.0354,
Table e_any_slp * any_dep,Row 2,0.0597,0.0005,0.0587,0.0607,
Table e_any_slp * any_dep,Total,0.0417,0.0002,0.0412,0.0421,
Table e_any_slp * any_dep,Difference,-0.0248,0.0006,-0.0259,-0.0236,1
Table e_any_slp * any_str,Row 1,0.0137,0.0002,0.0134,0.0140,
Table e_any_slp * any_str,Row 2,0.0269,0.0004,0.0262,0.0276,
Table e_any_slp * any_str,Total,0.0173,0.0002,0.0170,0.0176,
Table e_any_slp * any_str,Difference,-0.0132,0.0004,-0.0140,-0.0124,1
Table e_any_slp * any_anx,Row 1,0.0255,0.0002,0.0251,0.0259,
Table e_any_slp * any_anx,Row 2,0.0431,0.0004,0.0422,0.0440,
Table e_any_slp * any_anx,Total,0.0303,0.0002,0.0299,0.0307,
Table e_any_slp * any_anx,Difference,-0.0176,0.0005,-0.0185,-0.0166,1
Table e_any_slp * any_phb,Row 1,0.0082,0.0001,0.0080,0.0085,
Table e_any_slp * any_phb,Row 2,0.0136,0.0002,0.0131,0.0141,
Table e_any_slp * any_phb,Total,0.0097,0.0001,0.0095,0.0099,
Table e_any_slp * any_phb,Difference,-0.0054,0.0003,-0.0059,-0.0048,1
Table e_any_slp * any_ptsd,Row 1,0.0018,0.0001,0.0017,0.0019,
Table e_any_slp * any_ptsd,Row 2,0.0042,0.0001,0.0040,0.0045,
Table e_any_slp * any_ptsd,Total,0.0025,0.0001,0.0024,0.0026,
Table e_any_slp * any_ptsd,Difference,-0.0024,0.0002,-0.0027,-0.0021,1
Table e_any_slp * any_som,Row 1,0.0029,0.0001,0.0027,0.0030,
Table e_any_slp * any_som,Row 2,0.0044,0.0001,0.0041,0.0047,
Table e_any_slp * any_som,Total,0.0033,0.0001,0.0031,0.0034,
Table e_any_slp * any_som,Difference,-0.0015,0.0002,-0.0018,-0.0012,1
Table e_any_slp * any_psy,Row 1,0.0014,0.0000,0.0013,0.0015,
Table e_any_slp * any_psy,Row 2,0.0029,0.0001,0.0026,0.0031,
Table e_any_slp * any_psy,Total,0.0018,0.0000,0.0017,0.0019,
Table e_any_slp * any_psy,Difference,-0.0015,0.0001,-0.0018,-0.0013,1
Table e_any_slp * any_oth,Row 1,0.0333,0.0002,0.0328,0.0338,
Table e_any_slp * any_oth,Row 2,0.0578,0.0005,0.0568,0.0588,
Table e_any_slp * any_oth,Total,0.0400,0.0002,0.0395,0.0404,
Table e_any_slp * any_oth,Difference,-0.0245,0.0006,-0.0256,-0.0233,1
Table e_any_slp * any_slp,Row 1,0.0419,0.0003,0.0414,0.0424,
Table e_any_slp * any_slp,Row 2,0.0878,0.0006,0.0866,0.0890,
Table e_any_slp * any_slp,Total,0.0544,0.0003,0.0539,0.0549,
Table e_any_slp * any_slp,Difference,-0.0459,0.0007,-0.0472,-0.0446,1
Table e_any_slp * any_sex,Row 1,0.0011,0.0000,0.0010,0.0012,
Table e_any_slp * any_sex,Row 2,0.0018,0.0001,0.0017,0.0020,
Table e_any_slp * any_sex,Total,0.0013,0.0000,0.0012,0.0014,
Table e_any_slp * any_sex,Difference,-0.0007,0.0001,-0.0009,-0.0005,1
Table e_any_slp * any_per,Row 1,0.0011,0.0000,0.0010,0.0012,
Table e_any_slp * any_per,Row 2,0.0023,0.0001,0.0021,0.0025,
Table e_any_slp * any_per,Total,0.0014,0.0000,0.0013,0.0015,
Table e_any_slp * any_per,Difference,-0.0012,0.0001,-0.0014,-0.0009,1
Table e_any_slp * any_sui,Row 1,0.0026,0.0001,0.0024,0.0027,
Table e_any_slp * any_sui,Row 2,0.0055,0.0002,0.0052,0.0058,
Table e_any_slp * any_sui,Total,0.0034,0.0001,0.0032,0.0035,
Table e_any_slp * any_sui,Difference,-0.0029,0.0002,-0.0032,-0.0026,1
Table e_any_slp * any_con,Row 1,0.0395,0.0003,0.0390,0.0400,
Table e_any_slp * any_con,Row 2,0.0499,0.0005,0.0490,0.0508,
Table e_any_slp * any_con,Total,0.0423,0.0002,0.0419,0.0428,
Table e_any_slp * any_con,Difference,-0.0104,0.0005,-0.0115,-0.0093,1
Table e_any_slp * any_dev,Row 1,0.0215,0.0002,0.0211,0.0218,
Table e_any_slp * any_dev,Row 2,0.0301,0.0004,0.0294,0.0308,
Table e_any_slp * any_dev,Total,0.0238,0.0002,0.0235,0.0242,
Table e_any_slp * any_dev,Difference,-0.0086,0.0004,-0.0095,-0.0078,1
Table e_any_slp * any_stm,Row 1,0.0111,0.0001,0.0108,0.0113,
Table e_any_slp * any_stm,Row 2,0.0157,0.0003,0.0152,0.0162,
Table e_any_slp * any_stm,Total,0.0123,0.0001,0.0121,0.0126,
Table e_any_slp * any_stm,Difference,-0.0047,0.0003,-0.0053,-0.0041,1
Table e_any_sex * any_adhd,Row 1,0.0396,0.0002,0.0392,0.0401,
Table e_any_sex * any_adhd,Row 2,0.0602,0.0013,0.0576,0.0628,
Table e_any_sex * any_adhd,Total,0.0405,0.0002,0.0401,0.0410,
Table e_any_sex * any_adhd,Difference,-0.0206,0.0013,-0.0232,-0.0180,1
Table e_any_sex * any_sub,Row 1,0.0062,0.0001,0.0060,0.0064,
Table e_any_sex * any_sub,Row 2,0.0122,0.0006,0.0110,0.0133,
Table e_any_sex * any_sub,Total,0.0064,0.0001,0.0063,0.0066,
Table e_any_sex * any_sub,Difference,-0.0060,0.0006,-0.0072,-0.0048,1
Table e_any_sex * any_chad,Row 1,0.0632,0.0003,0.0627,0.0638,
Table e_any_sex * any_chad,Row 2,0.0890,0.0016,0.0860,0.0921,
Table e_any_sex * any_chad,Total,0.0643,0.0003,0.0638,0.0649,
Table e_any_sex * any_chad,Difference,-0.0258,0.0016,-0.0289,-0.0227,1
Table e_any_sex * any_dep,Row 1,0.0406,0.0002,0.0401,0.0410,
Table e_any_sex * any_dep,Row 2,0.0654,0.0013,0.0628,0.0681,
Table e_any_sex * any_dep,Total,0.0417,0.0002,0.0412,0.0421,
Table e_any_sex * any_dep,Difference,-0.0248,0.0014,-0.0275,-0.0222,1
Table e_any_sex * any_str,Row 1,0.0167,0.0002,0.0164,0.0170,
Table e_any_sex * any_str,Row 2,0.0307,0.0010,0.0288,0.0325,
Table e_any_sex * any_str,Total,0.0173,0.0002,0.0170,0.0176,
Table e_any_sex * any_str,Difference,-0.0140,0.0010,-0.0159,-0.0121,1
Table e_any_sex * any_anx,Row 1,0.0296,0.0002,0.0292,0.0300,
Table e_any_sex * any_anx,Row 2,0.0451,0.0011,0.0429,0.0473,
Table e_any_sex * any_anx,Total,0.0303,0.0002,0.0299,0.0307,
Table e_any_sex * any_anx,Difference,-0.0155,0.0011,-0.0178,-0.0133,1
Table e_any_sex * any_phb,Row 1,0.0095,0.0001,0.0093,0.0098,
Table e_any_sex * any_phb,Row 2,0.0134,0.0006,0.0122,0.0146,
Table e_any_sex * any_phb,Total,0.0097,0.0001,0.0095,0.0099,
Table e_any_sex * any_phb,Difference,-0.0039,0.0006,-0.0051,-0.0026,1
Table e_any_sex * any_ptsd,Row 1,0.0024,0.0001,0.0023,0.0025,
Table e_any_sex * any_ptsd,Row 2,0.0047,0.0004,0.0040,0.0054,
Table e_any_sex * any_ptsd,Total,0.0025,0.0001,0.0024,0.0026,
Table e_any_sex * any_ptsd,Difference,-0.0024,0.0004,-0.0031,-0.0016,1
Table e_any_sex * any_som,Row 1,0.0032,0.0001,0.0031,0.0033,
Table e_any_sex * any_som,Row 2,0.0049,0.0004,0.0042,0.0056,
Table e_any_sex * any_som,Total,0.0033,0.0001,0.0031,0.0034,
Table e_any_sex * any_som,Difference,-0.0017,0.0004,-0.0025,-0.0010,1
Table e_any_sex * any_psy,Row 1,0.0017,0.0000,0.0016,0.0018,
Table e_any_sex * any_psy,Row 2,0.0027,0.0003,0.0022,0.0033,
Table e_any_sex * any_psy,Total,0.0018,0.0000,0.0017,0.0019,
Table e_any_sex * any_psy,Difference,-0.0010,0.0003,-0.0015,-0.0004,1
Table e_any_sex * any_oth,Row 1,0.0391,0.0002,0.0386,0.0395,
Table e_any_sex * any_oth,Row 2,0.0593,0.0013,0.0567,0.0618,
Table e_any_sex * any_oth,Total,0.0400,0.0002,0.0395,0.0404,
Table e_any_sex * any_oth,Difference,-0.0202,0.0013,-0.0228,-0.0176,1
Table e_any_sex * any_slp,Row 1,0.0534,0.0003,0.0529,0.0540,
Table e_any_sex * any_slp,Row 2,0.0747,0.0015,0.0719,0.0776,
Table e_any_sex * any_slp,Total,0.0544,0.0003,0.0539,0.0549,
Table e_any_sex * any_slp,Difference,-0.0213,0.0015,-0.0242,-0.0184,1
Table e_any_sex * any_sex,Row 1,0.0013,0.0000,0.0012,0.0013,
Table e_any_sex * any_sex,Row 2,0.0028,0.0003,0.0023,0.0034,
Table e_any_sex * any_sex,Total,0.0013,0.0000,0.0012,0.0014,
Table e_any_sex * any_sex,Difference,-0.0016,0.0003,-0.0021,-0.0010,1
Table e_any_sex * any_per,Row 1,0.0014,0.0000,0.0013,0.0014,
Table e_any_sex * any_per,Row 2,0.0024,0.0003,0.0019,0.0029,
Table e_any_sex * any_per,Total,0.0014,0.0000,0.0013,0.0015,
Table e_any_sex * any_per,Difference,-0.0010,0.0003,-0.0016,-0.0005,1
Table e_any_sex * any_sui,Row 1,0.0032,0.0001,0.0031,0.0033,
Table e_any_sex * any_sui,Row 2,0.0064,0.0004,0.0056,0.0073,
Table e_any_sex * any_sui,Total,0.0034,0.0001,0.0032,0.0035,
Table e_any_sex * any_sui,Difference,-0.0032,0.0004,-0.0041,-0.0024,1
Table e_any_sex * any_con,Row 1,0.0422,0.0002,0.0417,0.0426,
Table e_any_sex * any_con,Row 2,0.0456,0.0011,0.0434,0.0479,
Table e_any_sex * any_con,Total,0.0423,0.0002,0.0419,0.0428,
Table e_any_sex * any_con,Difference,-0.0035,0.0012,-0.0057,-0.0012,1
Table e_any_sex * any_dev,Row 1,0.0235,0.0002,0.0231,0.0238,
Table e_any_sex * any_dev,Row 2,0.0317,0.0010,0.0298,0.0335,
Table e_any_sex * any_dev,Total,0.0238,0.0002,0.0235,0.0242,
Table e_any_sex * any_dev,Difference,-0.0082,0.0010,-0.0101,-0.0063,1
Table e_any_sex * any_stm,Row 1,0.0121,0.0001,0.0119,0.0124,
Table e_any_sex * any_stm,Row 2,0.0166,0.0007,0.0152,0.0179,
Table e_any_sex * any_stm,Total,0.0123,0.0001,0.0121,0.0126,
Table e_any_sex * any_stm,Difference,-0.0044,0.0007,-0.0058,-0.0030,1
Table e_any_per * any_adhd,Row 1,0.0390,0.0002,0.0386,0.0395,
Table e_any_per * any_adhd,Row 2,0.1021,0.0023,0.0977,0.1066,
Table e_any_per * any_adhd,Total,0.0405,0.0002,0.0401,0.0410,
Table e_any_per * any_adhd,Difference,-0.0631,0.0023,-0.0676,-0.0587,1
Table e_any_per * any_sub,Row 1,0.0062,0.0001,0.0060,0.0064,
Table e_any_per * any_sub,Row 2,0.0154,0.0009,0.0137,0.0171,
Table e_any_per * any_sub,Total,0.0064,0.0001,0.0063,0.0066,
Table e_any_per * any_sub,Difference,-0.0091,0.0009,-0.0109,-0.0074,1
Table e_any_per * any_chad,Row 1,0.0623,0.0003,0.0618,0.0629,
Table e_any_per * any_chad,Row 2,0.1443,0.0026,0.1392,0.1493,
Table e_any_per * any_chad,Total,0.0643,0.0003,0.0638,0.0649,
Table e_any_per * any_chad,Difference,-0.0819,0.0026,-0.0870,-0.0768,1
Table e_any_per * any_dep,Row 1,0.0407,0.0002,0.0402,0.0411,
Table e_any_per * any_dep,Row 2,0.0824,0.0020,0.0785,0.0863,
Table e_any_per * any_dep,Total,0.0417,0.0002,0.0412,0.0421,
Table e_any_per * any_dep,Difference,-0.0418,0.0020,-0.0457,-0.0378,1
Table e_any_per * any_str,Row 1,0.0167,0.0001,0.0164,0.0170,
Table e_any_per * any_str,Row 2,0.0418,0.0015,0.0389,0.0447,
Table e_any_per * any_str,Total,0.0173,0.0002,0.0170,0.0176,
Table e_any_per * any_str,Difference,-0.0251,0.0015,-0.0280,-0.0222,1
Table e_any_per * any_anx,Row 1,0.0296,0.0002,0.0292,0.0300,
Table e_any_per * any_anx,Row 2,0.0569,0.0017,0.0536,0.0601,
Table e_any_per * any_anx,Total,0.0303,0.0002,0.0299,0.0307,
Table e_any_per * any_anx,Difference,-0.0272,0.0017,-0.0305,-0.0239,1
Table e_any_per * any_phb,Row 1,0.0095,0.0001,0.0093,0.0098,
Table e_any_per * any_phb,Row 2,0.0167,0.0009,0.0149,0.0185,
Table e_any_per * any_phb,Total,0.0097,0.0001,0.0095,0.0099,
Table e_any_per * any_phb,Difference,-0.0072,0.0009,-0.0090,-0.0054,1
Table e_any_per * any_ptsd,Row 1,0.0023,0.0001,0.0022,0.0024,
Table e_any_per * any_ptsd,Row 2,0.0091,0.0007,0.0076,0.0105,
Table e_any_per * any_ptsd,Total,0.0025,0.0001,0.0024,0.0026,
Table e_any_per * any_ptsd,Difference,-0.0068,0.0007,-0.0082,-0.0053,1
Table e_any_per * any_som,Row 1,0.0032,0.0001,0.0031,0.0033,
Table e_any_per * any_som,Row 2,0.0062,0.0006,0.0051,0.0073,
Table e_any_per * any_som,Total,0.0033,0.0001,0.0031,0.0034,
Table e_any_per * any_som,Difference,-0.0030,0.0006,-0.0041,-0.0019,1
Table e_any_per * any_psy,Row 1,0.0017,0.0000,0.0016,0.0018,
Table e_any_per * any_psy,Row 2,0.0043,0.0005,0.0033,0.0052,
Table e_any_per * any_psy,Total,0.0018,0.0000,0.0017,0.0019,
Table e_any_per * any_psy,Difference,-0.0025,0.0005,-0.0035,-0.0016,1
Table e_any_per * any_oth,Row 1,0.0387,0.0002,0.0383,0.0392,
Table e_any_per * any_oth,Row 2,0.0889,0.0021,0.0848,0.0930,
Table e_any_per * any_oth,Total,0.0400,0.0002,0.0395,0.0404,
Table e_any_per * any_oth,Difference,-0.0501,0.0021,-0.0543,-0.0460,1
Table e_any_per * any_slp,Row 1,0.0533,0.0003,0.0528,0.0538,
Table e_any_per * any_slp,Row 2,0.0980,0.0022,0.0937,0.1023,
Table e_any_per * any_slp,Total,0.0544,0.0003,0.0539,0.0549,
Table e_any_per * any_slp,Difference,-0.0447,0.0022,-0.0490,-0.0404,1
Table e_any_per * any_sex,Row 1,0.0013,0.0000,0.0012,0.0014,
Table e_any_per * any_sex,Row 2,0.0031,0.0004,0.0023,0.0039,
Table e_any_per * any_sex,Total,0.0013,0.0000,0.0012,0.0014,
Table e_any_per * any_sex,Difference,-0.0018,0.0004,-0.0026,-0.0010,1
Table e_any_per * any_per,Row 1,0.0013,0.0000,0.0013,0.0014,
Table e_any_per * any_per,Row 2,0.0046,0.0005,0.0036,0.0055,
Table e_any_per * any_per,Total,0.0014,0.0000,0.0013,0.0015,
Table e_any_per * any_per,Difference,-0.0032,0.0005,-0.0042,-0.0023,1
Table e_any_per * any_sui,Row 1,0.0032,0.0001,0.0031,0.0033,
Table e_any_per * any_sui,Row 2,0.0098,0.0007,0.0084,0.0112,
Table e_any_per * any_sui,Total,0.0034,0.0001,0.0032,0.0035,
Table e_any_per * any_sui,Difference,-0.0066,0.0007,-0.0080,-0.0052,1
Table e_any_per * any_con,Row 1,0.0420,0.0002,0.0415,0.0424,
Table e_any_per * any_con,Row 2,0.0554,0.0017,0.0522,0.0587,
Table e_any_per * any_con,Total,0.0423,0.0002,0.0419,0.0428,
Table e_any_per * any_con,Difference,-0.0135,0.0017,-0.0168,-0.0101,1
Table e_any_per * any_dev,Row 1,0.0234,0.0002,0.0231,0.0238,
Table e_any_per * any_dev,Row 2,0.0399,0.0014,0.0371,0.0428,
Table e_any_per * any_dev,Total,0.0238,0.0002,0.0235,0.0242,
Table e_any_per * any_dev,Difference,-0.0165,0.0015,-0.0194,-0.0137,1
Table e_any_per * any_stm,Row 1,0.0121,0.0001,0.0119,0.0124,
Table e_any_per * any_stm,Row 2,0.0204,0.0010,0.0184,0.0224,
Table e_any_per * any_stm,Total,0.0123,0.0001,0.0121,0.0126,
Table e_any_per * any_stm,Difference,-0.0082,0.0010,-0.0103,-0.0062,1
Table e_any_sui * any_adhd,Row 1,0.0395,0.0002,0.0390,0.0399,
Table e_any_sui * any_adhd,Row 2,0.1028,0.0027,0.0976,0.1081,
Table e_any_sui * any_adhd,Total,0.0405,0.0002,0.0401,0.0410,
Table e_any_sui * any_adhd,Difference,-0.0634,0.0027,-0.0686,-0.0581,1
Table e_any_sui * any_sub,Row 1,0.0062,0.0001,0.0061,0.0064,
Table e_any_sui * any_sub,Row 2,0.0175,0.0011,0.0154,0.0197,
Table e_any_sui * any_sub,Total,0.0064,0.0001,0.0063,0.0066,
Table e_any_sui * any_sub,Difference,-0.0113,0.0011,-0.0135,-0.0091,1
Table e_any_sui * any_chad,Row 1,0.0630,0.0003,0.0625,0.0636,
Table e_any_sui * any_chad,Row 2,0.1397,0.0030,0.1338,0.1456,
Table e_any_sui * any_chad,Total,0.0643,0.0003,0.0638,0.0649,
Table e_any_sui * any_chad,Difference,-0.0767,0.0030,-0.0826,-0.0708,1
Table e_any_sui * any_dep,Row 1,0.0408,0.0002,0.0404,0.0413,
Table e_any_sui * any_dep,Row 2,0.0903,0.0025,0.0854,0.0952,
Table e_any_sui * any_dep,Total,0.0417,0.0002,0.0412,0.0421,
Table e_any_sui * any_dep,Difference,-0.0495,0.0025,-0.0544,-0.0446,1
Table e_any_sui * any_str,Row 1,0.0167,0.0001,0.0164,0.0170,
Table e_any_sui * any_str,Row 2,0.0544,0.0020,0.0504,0.0584,
Table e_any_sui * any_str,Total,0.0173,0.0002,0.0170,0.0176,
Table e_any_sui * any_str,Difference,-0.0377,0.0020,-0.0417,-0.0337,1
Table e_any_sui * any_anx,Row 1,0.0299,0.0002,0.0295,0.0302,
Table e_any_sui * any_anx,Row 2,0.0542,0.0020,0.0504,0.0581,
Table e_any_sui * any_anx,Total,0.0303,0.0002,0.0299,0.0307,
Table e_any_sui * any_anx,Difference,-0.0244,0.0020,-0.0282,-0.0205,1
Table e_any_sui * any_phb,Row 1,0.0096,0.0001,0.0094,0.0098,
Table e_any_sui * any_phb,Row 2,0.0154,0.0010,0.0134,0.0175,
Table e_any_sui * any_phb,Total,0.0097,0.0001,0.0095,0.0099,
Table e_any_sui * any_phb,Difference,-0.0058,0.0010,-0.0079,-0.0038,1
Table e_any_sui * any_ptsd,Row 1,0.0023,0.0001,0.0022,0.0024,
Table e_any_sui * any_ptsd,Row 2,0.0120,0.0009,0.0102,0.0139,
Table e_any_sui * any_ptsd,Total,0.0025,0.0001,0.0024,0.0026,
Table e_any_sui * any_ptsd,Difference,-0.0097,0.0009,-0.0116,-0.0079,1
Table e_any_sui * any_som,Row 1,0.0032,0.0001,0.0031,0.0034,
Table e_any_sui * any_som,Row 2,0.0055,0.0006,0.0043,0.0067,
Table e_any_sui * any_som,Total,0.0033,0.0001,0.0031,0.0034,
Table e_any_sui * any_som,Difference,-0.0023,0.0006,-0.0035,-0.0011,1
Table e_any_sui * any_psy,Row 1,0.0017,0.0000,0.0016,0.0018,
Table e_any_sui * any_psy,Row 2,0.0043,0.0006,0.0032,0.0054,
Table e_any_sui * any_psy,Total,0.0018,0.0000,0.0017,0.0019,
Table e_any_sui * any_psy,Difference,-0.0026,0.0006,-0.0037,-0.0015,1
Table e_any_sui * any_oth,Row 1,0.0392,0.0002,0.0387,0.0396,
Table e_any_sui * any_oth,Row 2,0.0855,0.0025,0.0807,0.0903,
Table e_any_sui * any_oth,Total,0.0400,0.0002,0.0395,0.0404,
Table e_any_sui * any_oth,Difference,-0.0463,0.0025,-0.0512,-0.0415,1
Table e_any_sui * any_slp,Row 1,0.0534,0.0003,0.0529,0.0539,
Table e_any_sui * any_slp,Row 2,0.1083,0.0027,0.1030,0.1137,
Table e_any_sui * any_slp,Total,0.0544,0.0003,0.0539,0.0549,
Table e_any_sui * any_slp,Difference,-0.0549,0.0027,-0.0603,-0.0496,1
Table e_any_sui * any_sex,Row 1,0.0013,0.0000,0.0012,0.0014,
Table e_any_sui * any_sex,Row 2,0.0032,0.0005,0.0023,0.0041,
Table e_any_sui * any_sex,Total,0.0013,0.0000,0.0012,0.0014,
Table e_any_sui * any_sex,Difference,-0.0019,0.0005,-0.0028,-0.0010,1
Table e_any_sui * any_per,Row 1,0.0014,0.0000,0.0013,0.0014,
Table e_any_sui * any_per,Row 2,0.0042,0.0005,0.0032,0.0053,
Table e_any_sui * any_per,Total,0.0014,0.0000,0.0013,0.0015,
Table e_any_sui * any_per,Difference,-0.0029,0.0005,-0.0040,-0.0018,1
Table e_any_sui * any_sui,Row 1,0.0032,0.0001,0.0031,0.0033,
Table e_any_sui * any_sui,Row 2,0.0136,0.0010,0.0117,0.0156,
Table e_any_sui * any_sui,Total,0.0034,0.0001,0.0032,0.0035,
Table e_any_sui * any_sui,Difference,-0.0105,0.0010,-0.0124,-0.0085,1
Table e_any_sui * any_con,Row 1,0.0421,0.0002,0.0416,0.0425,
Table e_any_sui * any_con,Row 2,0.0563,0.0020,0.0524,0.0602,
Table e_any_sui * any_con,Total,0.0423,0.0002,0.0419,0.0428,
Table e_any_sui * any_con,Difference,-0.0142,0.0020,-0.0182,-0.0103,1
Table e_any_sui * any_dev,Row 1,0.0236,0.0002,0.0232,0.0239,
Table e_any_sui * any_dev,Row 2,0.0390,0.0017,0.0357,0.0423,
Table e_any_sui * any_dev,Total,0.0238,0.0002,0.0235,0.0242,
Table e_any_sui * any_dev,Difference,-0.0154,0.0017,-0.0187,-0.0121,1
Table e_any_sui * any_stm,Row 1,0.0123,0.0001,0.0120,0.0125,
Table e_any_sui * any_stm,Row 2,0.0161,0.0011,0.0140,0.0181,
Table e_any_sui * any_stm,Total,0.0123,0.0001,0.0121,0.0126,
Table e_any_sui * any_stm,Difference,-0.0038,0.0011,-0.0059,-0.0017,1
