Table,Row,Risk,ASE,LowerCL,UpperCL,ExactLowerCL,ExactUpperCL,Control
Table any_adhd * any_adhd,Row 1,0.0000,0.0000,0.0000,0.0000,0.0000,0.0000,
Table any_adhd * any_adhd,Row 2,1.0000,0.0000,1.0000,1.0000,0.9998,1.0000,
Table any_adhd * any_adhd,Total,0.0167,0.0001,0.0165,0.0169,0.0165,0.0169,
Table any_adhd * any_adhd,Difference,-1.0000,0.0000,-1.0000,-1.0000,_,_,1
Table any_adhd * any_sub,Row 1,0.0517,0.0002,0.0514,0.0521,0.0514,0.0521,
Table any_adhd * any_sub,Row 2,0.3099,0.0030,0.3040,0.3158,0.3040,0.3159,
Table any_adhd * any_sub,Total,0.0560,0.0002,0.0557,0.0564,0.0557,0.0564,
Table any_adhd * any_sub,Difference,-0.2581,0.0030,-0.2641,-0.2522,_,_,1
Table any_adhd * any_dep,Row 1,0.2523,0.0004,0.2516,0.2530,0.2516,0.2530,
Table any_adhd * any_dep,Row 2,0.6828,0.0030,0.6769,0.6888,0.6768,0.6888,
Table any_adhd * any_dep,Total,0.2595,0.0004,0.2587,0.2602,0.2587,0.2602,
Table any_adhd * any_dep,Difference,-0.4305,0.0031,-0.4366,-0.4245,_,_,1
Table any_adhd * any_str,Row 1,0.2412,0.0004,0.2405,0.2419,0.2405,0.2419,
Table any_adhd * any_str,Row 2,0.4367,0.0032,0.4303,0.4430,0.4303,0.4431,
Table any_adhd * any_str,Total,0.2444,0.0004,0.2437,0.2451,0.2437,0.2452,
Table any_adhd * any_str,Difference,-0.1955,0.0033,-0.2019,-0.1891,_,_,1
Table any_adhd * any_anx,Row 1,0.1218,0.0003,0.1213,0.1224,0.1213,0.1224,
Table any_adhd * any_anx,Row 2,0.4523,0.0033,0.4459,0.4587,0.4459,0.4587,
Table any_adhd * any_anx,Total,0.1273,0.0003,0.1268,0.1279,0.1268,0.1279,
Table any_adhd * any_anx,Difference,-0.3305,0.0033,-0.3369,-0.3241,_,_,1
Table any_adhd * any_phb,Row 1,0.0254,0.0001,0.0251,0.0256,0.0251,0.0256,
Table any_adhd * any_phb,Row 2,0.1235,0.0022,0.1193,0.1277,0.1193,0.1278,
Table any_adhd * any_phb,Total,0.0270,0.0001,0.0267,0.0273,0.0267,0.0273,
Table any_adhd * any_phb,Difference,-0.0981,0.0022,-0.1024,-0.0939,_,_,1
Table any_adhd * any_ptsd,Row 1,0.0165,0.0001,0.0163,0.0167,0.0163,0.0167,
Table any_adhd * any_ptsd,Row 2,0.0921,0.0019,0.0884,0.0959,0.0885,0.0959,
Table any_adhd * any_ptsd,Total,0.0178,0.0001,0.0176,0.0180,0.0176,0.0180,
Table any_adhd * any_ptsd,Difference,-0.0756,0.0019,-0.0793,-0.0719,_,_,1
Table any_adhd * any_som,Row 1,0.0093,0.0001,0.0092,0.0095,0.0092,0.0095,
Table any_adhd * any_som,Row 2,0.0281,0.0011,0.0260,0.0303,0.0261,0.0303,
Table any_adhd * any_som,Total,0.0096,0.0001,0.0095,0.0098,0.0095,0.0098,
Table any_adhd * any_som,Difference,-0.0188,0.0011,-0.0210,-0.0167,_,_,1
Table any_adhd * any_psy,Row 1,0.0191,0.0001,0.0189,0.0194,0.0189,0.0194,
Table any_adhd * any_psy,Row 2,0.1603,0.0024,0.1556,0.1650,0.1557,0.1651,
Table any_adhd * any_psy,Total,0.0215,0.0001,0.0213,0.0217,0.0213,0.0217,
Table any_adhd * any_psy,Difference,-0.1412,0.0024,-0.1459,-0.1365,_,_,1
Table any_adhd * any_oth,Row 1,0.1917,0.0003,0.1910,0.1923,0.1910,0.1923,
Table any_adhd * any_oth,Row 2,0.4941,0.0033,0.4877,0.5005,0.4877,0.5005,
Table any_adhd * any_oth,Total,0.1967,0.0003,0.1961,0.1974,0.1961,0.1974,
Table any_adhd * any_oth,Difference,-0.3024,0.0033,-0.3088,-0.2960,_,_,1
Table any_adhd * any_slp,Row 1,0.1724,0.0003,0.1718,0.1730,0.1718,0.1730,
Table any_adhd * any_slp,Row 2,0.4290,0.0032,0.4227,0.4354,0.4227,0.4354,
Table any_adhd * any_slp,Total,0.1767,0.0003,0.1761,0.1773,0.1761,0.1773,
Table any_adhd * any_slp,Difference,-0.2566,0.0033,-0.2630,-0.2502,_,_,1
Table any_adhd * any_sex,Row 1,0.0258,0.0001,0.0255,0.0260,0.0255,0.0260,
Table any_adhd * any_sex,Row 2,0.0659,0.0016,0.0627,0.0691,0.0627,0.0691,
Table any_adhd * any_sex,Total,0.0264,0.0001,0.0262,0.0267,0.0262,0.0267,
Table any_adhd * any_sex,Difference,-0.0401,0.0016,-0.0433,-0.0369,_,_,1
Table any_adhd * any_per,Row 1,0.0105,0.0001,0.0103,0.0106,0.0103,0.0106,
Table any_adhd * any_per,Row 2,0.1136,0.0021,0.1096,0.1177,0.1096,0.1178,
Table any_adhd * any_per,Total,0.0122,0.0001,0.0120,0.0124,0.0120,0.0124,
Table any_adhd * any_per,Difference,-0.1032,0.0021,-0.1073,-0.0991,_,_,1
Table any_adhd * any_sui,Row 1,0.0081,0.0001,0.0080,0.0083,0.0080,0.0083,
Table any_adhd * any_sui,Row 2,0.0714,0.0017,0.0681,0.0747,0.0681,0.0748,
Table any_adhd * any_sui,Total,0.0092,0.0001,0.0090,0.0093,0.0090,0.0093,
Table any_adhd * any_sui,Difference,-0.0633,0.0017,-0.0666,-0.0600,_,_,1
Table any_sub * any_adhd,Row 1,0.0122,0.0001,0.0120,0.0124,0.0120,0.0124,
Table any_sub * any_adhd,Row 2,0.0923,0.0010,0.0903,0.0943,0.0903,0.0943,
Table any_sub * any_adhd,Total,0.0167,0.0001,0.0165,0.0169,0.0165,0.0169,
Table any_sub * any_adhd,Difference,-0.0801,0.0010,-0.0821,-0.0781,_,_,1
Table any_sub * any_sub,Row 1,0.0000,0.0000,0.0000,0.0000,0.0000,0.0000,
Table any_sub * any_sub,Row 2,1.0000,0.0000,1.0000,1.0000,1.0000,1.0000,
Table any_sub * any_sub,Total,0.0560,0.0002,0.0557,0.0564,0.0557,0.0564,
Table any_sub * any_sub,Difference,-1.0000,0.0000,-1.0000,-1.0000,_,_,1
Table any_sub * any_dep,Row 1,0.2417,0.0004,0.2410,0.2424,0.2410,0.2424,
Table any_sub * any_dep,Row 2,0.5587,0.0018,0.5553,0.5622,0.5552,0.5622,
Table any_sub * any_dep,Total,0.2595,0.0004,0.2587,0.2602,0.2587,0.2602,
Table any_sub * any_dep,Difference,-0.3170,0.0018,-0.3206,-0.3135,_,_,1
Table any_sub * any_str,Row 1,0.2367,0.0004,0.2360,0.2375,0.2360,0.2375,
Table any_sub * any_str,Row 2,0.3742,0.0017,0.3708,0.3776,0.3708,0.3776,
Table any_sub * any_str,Total,0.2444,0.0004,0.2437,0.2451,0.2437,0.2452,
Table any_sub * any_str,Difference,-0.1375,0.0018,-0.1409,-0.1340,_,_,1
Table any_sub * any_anx,Row 1,0.1119,0.0003,0.1114,0.1124,0.1114,0.1124,
Table any_sub * any_anx,Row 2,0.3876,0.0017,0.3842,0.3910,0.3842,0.3910,
Table any_sub * any_anx,Total,0.1273,0.0003,0.1268,0.1279,0.1268,0.1279,
Table any_sub * any_anx,Difference,-0.2757,0.0018,-0.2792,-0.2723,_,_,1
Table any_sub * any_phb,Row 1,0.0234,0.0001,0.0231,0.0236,0.0231,0.0236,
Table any_sub * any_phb,Row 2,0.0879,0.0010,0.0859,0.0899,0.0859,0.0899,
Table any_sub * any_phb,Total,0.0270,0.0001,0.0267,0.0273,0.0267,0.0273,
Table any_sub * any_phb,Difference,-0.0645,0.0010,-0.0665,-0.0625,_,_,1
Table any_sub * any_ptsd,Row 1,0.0151,0.0001,0.0149,0.0153,0.0149,0.0153,
Table any_sub * any_ptsd,Row 2,0.0626,0.0009,0.0609,0.0643,0.0609,0.0643,
Table any_sub * any_ptsd,Total,0.0178,0.0001,0.0176,0.0180,0.0176,0.0180,
Table any_sub * any_ptsd,Difference,-0.0475,0.0009,-0.0492,-0.0458,_,_,1
Table any_sub * any_som,Row 1,0.0090,0.0001,0.0088,0.0091,0.0088,0.0091,
Table any_sub * any_som,Row 2,0.0207,0.0005,0.0197,0.0217,0.0197,0.0218,
Table any_sub * any_som,Total,0.0096,0.0001,0.0095,0.0098,0.0095,0.0098,
Table any_sub * any_som,Difference,-0.0118,0.0005,-0.0128,-0.0108,_,_,1
Table any_sub * any_psy,Row 1,0.0161,0.0001,0.0159,0.0163,0.0159,0.0163,
Table any_sub * any_psy,Row 2,0.1126,0.0011,0.1104,0.1148,0.1104,0.1148,
Table any_sub * any_psy,Total,0.0215,0.0001,0.0213,0.0217,0.0213,0.0217,
Table any_sub * any_psy,Difference,-0.0965,0.0011,-0.0988,-0.0943,_,_,1
Table any_sub * any_oth,Row 1,0.1876,0.0003,0.1869,0.1883,0.1869,0.1883,
Table any_sub * any_oth,Row 2,0.3507,0.0017,0.3474,0.3541,0.3474,0.3541,
Table any_sub * any_oth,Total,0.1967,0.0003,0.1961,0.1974,0.1961,0.1974,
Table any_sub * any_oth,Difference,-0.1631,0.0017,-0.1666,-0.1597,_,_,1
Table any_sub * any_slp,Row 1,0.1645,0.0003,0.1639,0.1651,0.1639,0.1651,
Table any_sub * any_slp,Row 2,0.3821,0.0017,0.3787,0.3855,0.3787,0.3855,
Table any_sub * any_slp,Total,0.1767,0.0003,0.1761,0.1773,0.1761,0.1773,
Table any_sub * any_slp,Difference,-0.2176,0.0018,-0.2210,-0.2141,_,_,1
Table any_sub * any_sex,Row 1,0.0243,0.0001,0.0241,0.0246,0.0241,0.0246,
Table any_sub * any_sex,Row 2,0.0618,0.0009,0.0601,0.0634,0.0601,0.0635,
Table any_sub * any_sex,Total,0.0264,0.0001,0.0262,0.0267,0.0262,0.0267,
Table any_sub * any_sex,Difference,-0.0374,0.0009,-0.0391,-0.0357,_,_,1
Table any_sub * any_per,Row 1,0.0090,0.0001,0.0089,0.0092,0.0089,0.0092,
Table any_sub * any_per,Row 2,0.0652,0.0009,0.0635,0.0669,0.0635,0.0669,
Table any_sub * any_per,Total,0.0122,0.0001,0.0120,0.0124,0.0120,0.0124,
Table any_sub * any_per,Difference,-0.0561,0.0009,-0.0579,-0.0544,_,_,1
Table any_sub * any_sui,Row 1,0.0050,0.0001,0.0049,0.0051,0.0049,0.0051,
Table any_sub * any_sui,Row 2,0.0793,0.0010,0.0774,0.0812,0.0775,0.0813,
Table any_sub * any_sui,Total,0.0092,0.0001,0.0090,0.0093,0.0090,0.0093,
Table any_sub * any_sui,Difference,-0.0743,0.0010,-0.0762,-0.0724,_,_,1
Table any_dep * any_adhd,Row 1,0.0071,0.0001,0.0070,0.0073,0.0070,0.0073,
Table any_dep * any_adhd,Row 2,0.0439,0.0003,0.0433,0.0446,0.0433,0.0446,
Table any_dep * any_adhd,Total,0.0167,0.0001,0.0165,0.0169,0.0165,0.0169,
Table any_dep * any_adhd,Difference,-0.0368,0.0004,-0.0375,-0.0361,_,_,1
Table any_dep * any_sub,Row 1,0.0334,0.0002,0.0331,0.0337,0.0331,0.0337,
Table any_dep * any_sub,Row 2,0.1207,0.0005,0.1196,0.1218,0.1196,0.1218,
Table any_dep * any_sub,Total,0.0560,0.0002,0.0557,0.0564,0.0557,0.0564,
Table any_dep * any_sub,Difference,-0.0873,0.0006,-0.0884,-0.0862,_,_,1
Table any_dep * any_dep,Row 1,0.0000,0.0000,0.0000,0.0000,0.0000,0.0000,
Table any_dep * any_dep,Row 2,1.0000,0.0000,1.0000,1.0000,1.0000,1.0000,
Table any_dep * any_dep,Total,0.2595,0.0004,0.2587,0.2602,0.2587,0.2602,
Table any_dep * any_dep,Difference,-1.0000,0.0000,-1.0000,-1.0000,_,_,1
Table any_dep * any_str,Row 1,0.1861,0.0004,0.1853,0.1868,0.1853,0.1868,
Table any_dep * any_str,Row 2,0.4110,0.0008,0.4094,0.4126,0.4094,0.4126,
Table any_dep * any_str,Total,0.2444,0.0004,0.2437,0.2451,0.2437,0.2452,
Table any_dep * any_str,Difference,-0.2249,0.0009,-0.2267,-0.2231,_,_,1
Table any_dep * any_anx,Row 1,0.0659,0.0002,0.0655,0.0664,0.0655,0.0664,
Table any_dep * any_anx,Row 2,0.3026,0.0008,0.3011,0.3041,0.3011,0.3041,
Table any_dep * any_anx,Total,0.1273,0.0003,0.1268,0.1279,0.1268,0.1279,
Table any_dep * any_anx,Difference,-0.2367,0.0008,-0.2382,-0.2351,_,_,1
Table any_dep * any_phb,Row 1,0.0137,0.0001,0.0135,0.0140,0.0135,0.0140,
Table any_dep * any_phb,Row 2,0.0648,0.0004,0.0640,0.0656,0.0640,0.0656,
Table any_dep * any_phb,Total,0.0270,0.0001,0.0267,0.0273,0.0267,0.0273,
Table any_dep * any_phb,Difference,-0.0510,0.0004,-0.0519,-0.0502,_,_,1
Table any_dep * any_ptsd,Row 1,0.0065,0.0001,0.0064,0.0067,0.0064,0.0067,
Table any_dep * any_ptsd,Row 2,0.0499,0.0004,0.0492,0.0506,0.0492,0.0507,
Table any_dep * any_ptsd,Total,0.0178,0.0001,0.0176,0.0180,0.0176,0.0180,
Table any_dep * any_ptsd,Difference,-0.0434,0.0004,-0.0442,-0.0427,_,_,1
Table any_dep * any_som,Row 1,0.0057,0.0001,0.0055,0.0058,0.0055,0.0058,
Table any_dep * any_som,Row 2,0.0209,0.0002,0.0205,0.0214,0.0205,0.0214,
Table any_dep * any_som,Total,0.0096,0.0001,0.0095,0.0098,0.0095,0.0098,
Table any_dep * any_som,Difference,-0.0153,0.0002,-0.0158,-0.0148,_,_,1
Table any_dep * any_psy,Row 1,0.0074,0.0001,0.0073,0.0076,0.0073,0.0076,
Table any_dep * any_psy,Row 2,0.0616,0.0004,0.0608,0.0624,0.0608,0.0624,
Table any_dep * any_psy,Total,0.0215,0.0001,0.0213,0.0217,0.0213,0.0217,
Table any_dep * any_psy,Difference,-0.0541,0.0004,-0.0549,-0.0533,_,_,1
Table any_dep * any_oth,Row 1,0.1371,0.0003,0.1364,0.1377,0.1364,0.1377,
Table any_dep * any_oth,Row 2,0.3670,0.0008,0.3654,0.3686,0.3654,0.3686,
Table any_dep * any_oth,Total,0.1967,0.0003,0.1961,0.1974,0.1961,0.1974,
Table any_dep * any_oth,Difference,-0.2299,0.0009,-0.2316,-0.2282,_,_,1
Table any_dep * any_slp,Row 1,0.1233,0.0003,0.1227,0.1240,0.1227,0.1240,
Table any_dep * any_slp,Row 2,0.3289,0.0008,0.3274,0.3305,0.3274,0.3305,
Table any_dep * any_slp,Total,0.1767,0.0003,0.1761,0.1773,0.1761,0.1773,
Table any_dep * any_slp,Difference,-0.2056,0.0008,-0.2073,-0.2040,_,_,1
Table any_dep * any_sex,Row 1,0.0234,0.0001,0.0231,0.0237,0.0231,0.0237,
Table any_dep * any_sex,Row 2,0.0351,0.0003,0.0345,0.0357,0.0345,0.0357,
Table any_dep * any_sex,Total,0.0264,0.0001,0.0262,0.0267,0.0262,0.0267,
Table any_dep * any_sex,Difference,-0.0117,0.0003,-0.0123,-0.0110,_,_,1
Table any_dep * any_per,Row 1,0.0036,0.0001,0.0035,0.0037,0.0035,0.0037,
Table any_dep * any_per,Row 2,0.0367,0.0003,0.0361,0.0373,0.0361,0.0373,
Table any_dep * any_per,Total,0.0122,0.0001,0.0120,0.0124,0.0120,0.0124,
Table any_dep * any_per,Difference,-0.0331,0.0003,-0.0337,-0.0325,_,_,1
Table any_dep * any_sui,Row 1,0.0018,0.0000,0.0017,0.0019,0.0017,0.0019,
Table any_dep * any_sui,Row 2,0.0302,0.0003,0.0296,0.0307,0.0296,0.0307,
Table any_dep * any_sui,Total,0.0092,0.0001,0.0090,0.0093,0.0090,0.0093,
Table any_dep * any_sui,Difference,-0.0284,0.0003,-0.0289,-0.0278,_,_,1
Table any_str * any_adhd,Row 1,0.0124,0.0001,0.0122,0.0127,0.0122,0.0127,
Table any_str * any_adhd,Row 2,0.0298,0.0003,0.0293,0.0304,0.0293,0.0304,
Table any_str * any_adhd,Total,0.0167,0.0001,0.0165,0.0169,0.0165,0.0169,
Table any_str * any_adhd,Difference,-0.0174,0.0003,-0.0180,-0.0168,_,_,1
Table any_str * any_sub,Row 1,0.0464,0.0002,0.0460,0.0468,0.0460,0.0468,
Table any_str * any_sub,Row 2,0.0858,0.0005,0.0849,0.0867,0.0849,0.0867,
Table any_str * any_sub,Total,0.0560,0.0002,0.0557,0.0564,0.0557,0.0564,
Table any_str * any_sub,Difference,-0.0394,0.0005,-0.0404,-0.0384,_,_,1
Table any_str * any_dep,Row 1,0.2023,0.0004,0.2015,0.2030,0.2015,0.2030,
Table any_str * any_dep,Row 2,0.4363,0.0008,0.4346,0.4379,0.4346,0.4379,
Table any_str * any_dep,Total,0.2595,0.0004,0.2587,0.2602,0.2587,0.2602,
Table any_str * any_dep,Difference,-0.2340,0.0009,-0.2358,-0.2322,_,_,1
Table any_str * any_str,Row 1,0.0000,0.0000,0.0000,0.0000,0.0000,0.0000,
Table any_str * any_str,Row 2,1.0000,0.0000,1.0000,1.0000,1.0000,1.0000,
Table any_str * any_str,Total,0.2444,0.0004,0.2437,0.2451,0.2437,0.2452,
Table any_str * any_str,Difference,-1.0000,0.0000,-1.0000,-1.0000,_,_,1
Table any_str * any_anx,Row 1,0.1008,0.0003,0.1002,0.1014,0.1002,0.1014,
Table any_str * any_anx,Row 2,0.2093,0.0007,0.2080,0.2107,0.2080,0.2107,
Table any_str * any_anx,Total,0.1273,0.0003,0.1268,0.1279,0.1268,0.1279,
Table any_str * any_anx,Difference,-0.1085,0.0008,-0.1100,-0.1070,_,_,1
Table any_str * any_phb,Row 1,0.0223,0.0001,0.0220,0.0226,0.0220,0.0226,
Table any_str * any_phb,Row 2,0.0415,0.0003,0.0408,0.0422,0.0408,0.0422,
Table any_str * any_phb,Total,0.0270,0.0001,0.0267,0.0273,0.0267,0.0273,
Table any_str * any_phb,Difference,-0.0192,0.0004,-0.0199,-0.0185,_,_,1
Table any_str * any_ptsd,Row 1,0.0111,0.0001,0.0109,0.0113,0.0109,0.0113,
Table any_str * any_ptsd,Row 2,0.0383,0.0003,0.0377,0.0390,0.0377,0.0390,
Table any_str * any_ptsd,Total,0.0178,0.0001,0.0176,0.0180,0.0176,0.0180,
Table any_str * any_ptsd,Difference,-0.0272,0.0003,-0.0279,-0.0265,_,_,1
Table any_str * any_som,Row 1,0.0079,0.0001,0.0077,0.0080,0.0077,0.0080,
Table any_str * any_som,Row 2,0.0151,0.0002,0.0147,0.0155,0.0147,0.0155,
Table any_str * any_som,Total,0.0096,0.0001,0.0095,0.0098,0.0095,0.0098,
Table any_str * any_som,Difference,-0.0073,0.0002,-0.0077,-0.0068,_,_,1
Table any_str * any_psy,Row 1,0.0177,0.0001,0.0174,0.0179,0.0174,0.0179,
Table any_str * any_psy,Row 2,0.0334,0.0003,0.0328,0.0340,0.0328,0.0340,
Table any_str * any_psy,Total,0.0215,0.0001,0.0213,0.0217,0.0213,0.0217,
Table any_str * any_psy,Difference,-0.0157,0.0003,-0.0164,-0.0151,_,_,1
Table any_str * any_oth,Row 1,0.1546,0.0004,0.1539,0.1553,0.1539,0.1553,
Table any_str * any_oth,Row 2,0.3270,0.0008,0.3255,0.3286,0.3255,0.3286,
Table any_str * any_oth,Total,0.1967,0.0003,0.1961,0.1974,0.1961,0.1974,
Table any_str * any_oth,Difference,-0.1725,0.0009,-0.1742,-0.1707,_,_,1
Table any_str * any_slp,Row 1,0.1441,0.0003,0.1434,0.1448,0.1434,0.1448,
Table any_str * any_slp,Row 2,0.2774,0.0008,0.2759,0.2789,0.2759,0.2789,
Table any_str * any_slp,Total,0.1767,0.0003,0.1761,0.1773,0.1761,0.1773,
Table any_str * any_slp,Difference,-0.1334,0.0008,-0.1350,-0.1317,_,_,1
Table any_str * any_sex,Row 1,0.0257,0.0002,0.0254,0.0260,0.0254,0.0260,
Table any_str * any_sex,Row 2,0.0286,0.0003,0.0280,0.0291,0.0280,0.0291,
Table any_str * any_sex,Total,0.0264,0.0001,0.0262,0.0267,0.0262,0.0267,
Table any_str * any_sex,Difference,-0.0028,0.0003,-0.0035,-0.0022,_,_,1
Table any_str * any_per,Row 1,0.0092,0.0001,0.0090,0.0094,0.0090,0.0094,
Table any_str * any_per,Row 2,0.0213,0.0002,0.0208,0.0218,0.0208,0.0218,
Table any_str * any_per,Total,0.0122,0.0001,0.0120,0.0124,0.0120,0.0124,
Table any_str * any_per,Difference,-0.0121,0.0003,-0.0126,-0.0116,_,_,1
Table any_str * any_sui,Row 1,0.0061,0.0001,0.0060,0.0063,0.0060,0.0063,
Table any_str * any_sui,Row 2,0.0187,0.0002,0.0182,0.0191,0.0182,0.0191,
Table any_str * any_sui,Total,0.0092,0.0001,0.0090,0.0093,0.0090,0.0093,
Table any_str * any_sui,Difference,-0.0126,0.0002,-0.0130,-0.0121,_,_,1
Table any_anx * any_adhd,Row 1,0.0105,0.0001,0.0103,0.0107,0.0103,0.0107,
Table any_anx * any_adhd,Row 2,0.0593,0.0006,0.0582,0.0604,0.0582,0.0604,
Table any_anx * any_adhd,Total,0.0167,0.0001,0.0165,0.0169,0.0165,0.0169,
Table any_anx * any_adhd,Difference,-0.0488,0.0006,-0.0499,-0.0477,_,_,1
Table any_anx * any_sub,Row 1,0.0393,0.0002,0.0390,0.0397,0.0390,0.0397,
Table any_anx * any_sub,Row 2,0.1706,0.0009,0.1689,0.1723,0.1689,0.1724,
Table any_anx * any_sub,Total,0.0560,0.0002,0.0557,0.0564,0.0557,0.0564,
Table any_anx * any_sub,Difference,-0.1313,0.0009,-0.1330,-0.1295,_,_,1
Table any_anx * any_dep,Row 1,0.2074,0.0004,0.2066,0.2081,0.2066,0.2081,
Table any_anx * any_dep,Row 2,0.6166,0.0012,0.6143,0.6188,0.6143,0.6188,
Table any_anx * any_dep,Total,0.2595,0.0004,0.2587,0.2602,0.2587,0.2602,
Table any_anx * any_dep,Difference,-0.4092,0.0012,-0.4116,-0.4069,_,_,1
Table any_anx * any_str,Row 1,0.2215,0.0004,0.2207,0.2222,0.2207,0.2222,
Table any_anx * any_str,Row 2,0.4018,0.0012,0.3995,0.4041,0.3995,0.4041,
Table any_anx * any_str,Total,0.2444,0.0004,0.2437,0.2451,0.2437,0.2452,
Table any_anx * any_str,Difference,-0.1803,0.0012,-0.1827,-0.1779,_,_,1
Table any_anx * any_anx,Row 1,0.0000,0.0000,0.0000,0.0000,0.0000,0.0000,
Table any_anx * any_anx,Row 2,1.0000,0.0000,1.0000,1.0000,1.0000,1.0000,
Table any_anx * any_anx,Total,0.1273,0.0003,0.1268,0.1279,0.1268,0.1279,
Table any_anx * any_anx,Difference,-1.0000,0.0000,-1.0000,-1.0000,_,_,1
Table any_anx * any_phb,Row 1,0.0138,0.0001,0.0136,0.0140,0.0136,0.0140,
Table any_anx * any_phb,Row 2,0.1176,0.0008,0.1161,0.1191,0.1161,0.1191,
Table any_anx * any_phb,Total,0.0270,0.0001,0.0267,0.0273,0.0267,0.0273,
Table any_anx * any_phb,Difference,-0.1039,0.0008,-0.1054,-0.1024,_,_,1
Table any_anx * any_ptsd,Row 1,0.0105,0.0001,0.0103,0.0107,0.0103,0.0107,
Table any_anx * any_ptsd,Row 2,0.0675,0.0006,0.0663,0.0687,0.0663,0.0687,
Table any_anx * any_ptsd,Total,0.0178,0.0001,0.0176,0.0180,0.0176,0.0180,
Table any_anx * any_ptsd,Difference,-0.0570,0.0006,-0.0582,-0.0558,_,_,1
Table any_anx * any_som,Row 1,0.0057,0.0001,0.0056,0.0059,0.0056,0.0059,
Table any_anx * any_som,Row 2,0.0363,0.0004,0.0354,0.0371,0.0354,0.0371,
Table any_anx * any_som,Total,0.0096,0.0001,0.0095,0.0098,0.0095,0.0098,
Table any_anx * any_som,Difference,-0.0305,0.0004,-0.0314,-0.0296,_,_,1
Table any_anx * any_psy,Row 1,0.0127,0.0001,0.0125,0.0129,0.0125,0.0129,
Table any_anx * any_psy,Row 2,0.0817,0.0006,0.0804,0.0830,0.0804,0.0830,
Table any_anx * any_psy,Total,0.0215,0.0001,0.0213,0.0217,0.0213,0.0217,
Table any_anx * any_psy,Difference,-0.0690,0.0007,-0.0703,-0.0677,_,_,1
Table any_anx * any_oth,Row 1,0.1685,0.0003,0.1679,0.1692,0.1679,0.1692,
Table any_anx * any_oth,Row 2,0.3901,0.0012,0.3879,0.3924,0.3879,0.3924,
Table any_anx * any_oth,Total,0.1967,0.0003,0.1961,0.1974,0.1961,0.1974,
Table any_anx * any_oth,Difference,-0.2216,0.0012,-0.2240,-0.2192,_,_,1
Table any_anx * any_slp,Row 1,0.1485,0.0003,0.1479,0.1491,0.1479,0.1491,
Table any_anx * any_slp,Row 2,0.3699,0.0011,0.3676,0.3721,0.3676,0.3721,
Table any_anx * any_slp,Total,0.1767,0.0003,0.1761,0.1773,0.1761,0.1773,
Table any_anx * any_slp,Difference,-0.2214,0.0012,-0.2237,-0.2191,_,_,1
Table any_anx * any_sex,Row 1,0.0251,0.0001,0.0248,0.0254,0.0248,0.0254,
Table any_anx * any_sex,Row 2,0.0358,0.0004,0.0349,0.0366,0.0349,0.0366,
Table any_anx * any_sex,Total,0.0264,0.0001,0.0262,0.0267,0.0262,0.0267,
Table any_anx * any_sex,Difference,-0.0107,0.0005,-0.0116,-0.0098,_,_,1
Table any_anx * any_per,Row 1,0.0063,0.0001,0.0062,0.0065,0.0062,0.0065,
Table any_anx * any_per,Row 2,0.0524,0.0005,0.0514,0.0534,0.0514,0.0534,
Table any_anx * any_per,Total,0.0122,0.0001,0.0120,0.0124,0.0120,0.0124,
Table any_anx * any_per,Difference,-0.0461,0.0005,-0.0471,-0.0450,_,_,1
Table any_anx * any_sui,Row 1,0.0049,0.0001,0.0047,0.0050,0.0047,0.0050,
Table any_anx * any_sui,Row 2,0.0387,0.0005,0.0378,0.0396,0.0378,0.0396,
Table any_anx * any_sui,Total,0.0092,0.0001,0.0090,0.0093,0.0090,0.0093,
Table any_anx * any_sui,Difference,-0.0339,0.0005,-0.0348,-0.0329,_,_,1
Table any_phb * any_adhd,Row 1,0.0150,0.0001,0.0148,0.0152,0.0148,0.0152,
Table any_phb * any_adhd,Row 2,0.0764,0.0014,0.0737,0.0791,0.0737,0.0791,
Table any_phb * any_adhd,Total,0.0167,0.0001,0.0165,0.0169,0.0165,0.0169,
Table any_phb * any_adhd,Difference,-0.0613,0.0014,-0.0640,-0.0587,_,_,1
Table any_phb * any_sub,Row 1,0.0525,0.0002,0.0522,0.0529,0.0522,0.0529,
Table any_phb * any_sub,Row 2,0.1826,0.0020,0.1787,0.1865,0.1787,0.1865,
Table any_phb * any_sub,Total,0.0560,0.0002,0.0557,0.0564,0.0557,0.0564,
Table any_phb * any_sub,Difference,-0.1300,0.0020,-0.1339,-0.1261,_,_,1
Table any_phb * any_dep,Row 1,0.2494,0.0004,0.2487,0.2501,0.2487,0.2501,
Table any_phb * any_dep,Row 2,0.6228,0.0025,0.6179,0.6277,0.6179,0.6277,
Table any_phb * any_dep,Total,0.2595,0.0004,0.2587,0.2602,0.2587,0.2602,
Table any_phb * any_dep,Difference,-0.3734,0.0025,-0.3783,-0.3684,_,_,1
Table any_phb * any_str,Row 1,0.2408,0.0004,0.2401,0.2415,0.2401,0.2415,
Table any_phb * any_str,Row 2,0.3758,0.0025,0.3709,0.3807,0.3709,0.3807,
Table any_phb * any_str,Total,0.2444,0.0004,0.2437,0.2451,0.2437,0.2452,
Table any_phb * any_str,Difference,-0.1350,0.0025,-0.1400,-0.1301,_,_,1
Table any_phb * any_anx,Row 1,0.1155,0.0003,0.1149,0.1160,0.1149,0.1160,
Table any_phb * any_anx,Row 2,0.5550,0.0026,0.5500,0.5600,0.5500,0.5600,
Table any_phb * any_anx,Total,0.1273,0.0003,0.1268,0.1279,0.1268,0.1279,
Table any_phb * any_anx,Difference,-0.4395,0.0026,-0.4445,-0.4345,_,_,1
Table any_phb * any_phb,Row 1,0.0000,0.0000,0.0000,0.0000,0.0000,0.0000,
Table any_phb * any_phb,Row 2,1.0000,0.0000,1.0000,1.0000,0.9999,1.0000,
Table any_phb * any_phb,Total,0.0270,0.0001,0.0267,0.0273,0.0267,0.0273,
Table any_phb * any_phb,Difference,-1.0000,0.0000,-1.0000,-1.0000,_,_,1
Table any_phb * any_ptsd,Row 1,0.0163,0.0001,0.0161,0.0165,0.0161,0.0165,
Table any_phb * any_ptsd,Row 2,0.0724,0.0013,0.0697,0.0750,0.0698,0.0750,
Table any_phb * any_ptsd,Total,0.0178,0.0001,0.0176,0.0180,0.0176,0.0180,
Table any_phb * any_ptsd,Difference,-0.0561,0.0013,-0.0587,-0.0535,_,_,1
Table any_phb * any_som,Row 1,0.0089,0.0001,0.0087,0.0090,0.0087,0.0090,
Table any_phb * any_som,Row 2,0.0371,0.0010,0.0352,0.0390,0.0352,0.0390,
Table any_phb * any_som,Total,0.0096,0.0001,0.0095,0.0098,0.0095,0.0098,
Table any_phb * any_som,Difference,-0.0282,0.0010,-0.0301,-0.0263,_,_,1
Table any_phb * any_psy,Row 1,0.0195,0.0001,0.0193,0.0197,0.0193,0.0197,
Table any_phb * any_psy,Row 2,0.0937,0.0015,0.0908,0.0967,0.0908,0.0967,
Table any_phb * any_psy,Total,0.0215,0.0001,0.0213,0.0217,0.0213,0.0217,
Table any_phb * any_psy,Difference,-0.0742,0.0015,-0.0772,-0.0713,_,_,1
Table any_phb * any_oth,Row 1,0.1918,0.0003,0.1911,0.1924,0.1911,0.1924,
Table any_phb * any_oth,Row 2,0.3763,0.0025,0.3714,0.3812,0.3714,0.3812,
Table any_phb * any_oth,Total,0.1967,0.0003,0.1961,0.1974,0.1961,0.1974,
Table any_phb * any_oth,Difference,-0.1846,0.0025,-0.1895,-0.1796,_,_,1
Table any_phb * any_slp,Row 1,0.1716,0.0003,0.1710,0.1723,0.1710,0.1723,
Table any_phb * any_slp,Row 2,0.3585,0.0025,0.3536,0.3633,0.3536,0.3633,
Table any_phb * any_slp,Total,0.1767,0.0003,0.1761,0.1773,0.1761,0.1773,
Table any_phb * any_slp,Difference,-0.1868,0.0025,-0.1917,-0.1819,_,_,1
Table any_phb * any_sex,Row 1,0.0260,0.0001,0.0257,0.0263,0.0257,0.0263,
Table any_phb * any_sex,Row 2,0.0419,0.0010,0.0399,0.0439,0.0399,0.0440,
Table any_phb * any_sex,Total,0.0264,0.0001,0.0262,0.0267,0.0262,0.0267,
Table any_phb * any_sex,Difference,-0.0159,0.0010,-0.0179,-0.0139,_,_,1
Table any_phb * any_per,Row 1,0.0102,0.0001,0.0100,0.0104,0.0100,0.0104,
Table any_phb * any_per,Row 2,0.0832,0.0014,0.0804,0.0860,0.0804,0.0860,
Table any_phb * any_per,Total,0.0122,0.0001,0.0120,0.0124,0.0120,0.0124,
Table any_phb * any_per,Difference,-0.0730,0.0014,-0.0758,-0.0702,_,_,1
Table any_phb * any_sui,Row 1,0.0082,0.0001,0.0081,0.0084,0.0081,0.0084,
Table any_phb * any_sui,Row 2,0.0434,0.0010,0.0414,0.0455,0.0414,0.0455,
Table any_phb * any_sui,Total,0.0092,0.0001,0.0090,0.0093,0.0090,0.0093,
Table any_phb * any_sui,Difference,-0.0352,0.0011,-0.0373,-0.0331,_,_,1
Table any_ptsd * any_adhd,Row 1,0.0154,0.0001,0.0152,0.0156,0.0152,0.0156,
Table any_ptsd * any_adhd,Row 2,0.0865,0.0018,0.0830,0.0900,0.0831,0.0901,
Table any_ptsd * any_adhd,Total,0.0167,0.0001,0.0165,0.0169,0.0165,0.0169,
Table any_ptsd * any_adhd,Difference,-0.0711,0.0018,-0.0746,-0.0676,_,_,1
Table any_ptsd * any_sub,Row 1,0.0535,0.0002,0.0531,0.0539,0.0531,0.0539,
Table any_ptsd * any_sub,Row 2,0.1973,0.0025,0.1924,0.2023,0.1924,0.2023,
Table any_ptsd * any_sub,Total,0.0560,0.0002,0.0557,0.0564,0.0557,0.0564,
Table any_ptsd * any_sub,Difference,-0.1438,0.0025,-0.1488,-0.1389,_,_,1
Table any_ptsd * any_dep,Row 1,0.2510,0.0004,0.2503,0.2517,0.2503,0.2517,
Table any_ptsd * any_dep,Row 2,0.7289,0.0028,0.7234,0.7345,0.7234,0.7345,
Table any_ptsd * any_dep,Total,0.2595,0.0004,0.2587,0.2602,0.2587,0.2602,
Table any_ptsd * any_dep,Difference,-0.4780,0.0028,-0.4835,-0.4724,_,_,1
Table any_ptsd * any_str,Row 1,0.2393,0.0004,0.2386,0.2400,0.2386,0.2400,
Table any_ptsd * any_str,Row 2,0.5272,0.0032,0.5210,0.5334,0.5209,0.5334,
Table any_ptsd * any_str,Total,0.2444,0.0004,0.2437,0.2451,0.2437,0.2452,
Table any_ptsd * any_str,Difference,-0.2879,0.0032,-0.2941,-0.2816,_,_,1
Table any_ptsd * any_anx,Row 1,0.1209,0.0003,0.1204,0.1214,0.1204,0.1214,
Table any_ptsd * any_anx,Row 2,0.4835,0.0032,0.4773,0.4897,0.4773,0.4897,
Table any_ptsd * any_anx,Total,0.1273,0.0003,0.1268,0.1279,0.1268,0.1279,
Table any_ptsd * any_anx,Difference,-0.3626,0.0032,-0.3688,-0.3564,_,_,1
Table any_ptsd * any_phb,Row 1,0.0255,0.0001,0.0252,0.0258,0.0252,0.0258,
Table any_ptsd * any_phb,Row 2,0.1099,0.0020,0.1060,0.1137,0.1060,0.1138,
Table any_ptsd * any_phb,Total,0.0270,0.0001,0.0267,0.0273,0.0267,0.0273,
Table any_ptsd * any_phb,Difference,-0.0844,0.0020,-0.0883,-0.0805,_,_,1
Table any_ptsd * any_ptsd,Row 1,0.0000,0.0000,0.0000,0.0000,0.0000,0.0000,
Table any_ptsd * any_ptsd,Row 2,1.0000,0.0000,1.0000,1.0000,0.9999,1.0000,
Table any_ptsd * any_ptsd,Total,0.0178,0.0001,0.0176,0.0180,0.0176,0.0180,
Table any_ptsd * any_ptsd,Difference,-1.0000,0.0000,-1.0000,-1.0000,_,_,1
Table any_ptsd * any_som,Row 1,0.0089,0.0001,0.0087,0.0090,0.0087,0.0090,
Table any_ptsd * any_som,Row 2,0.0506,0.0014,0.0478,0.0533,0.0479,0.0534,
Table any_ptsd * any_som,Total,0.0096,0.0001,0.0095,0.0098,0.0095,0.0098,
Table any_ptsd * any_som,Difference,-0.0417,0.0014,-0.0444,-0.0389,_,_,1
Table any_ptsd * any_psy,Row 1,0.0199,0.0001,0.0197,0.0201,0.0197,0.0201,
Table any_ptsd * any_psy,Row 2,0.1090,0.0020,0.1051,0.1129,0.1052,0.1129,
Table any_ptsd * any_psy,Total,0.0215,0.0001,0.0213,0.0217,0.0213,0.0217,
Table any_ptsd * any_psy,Difference,-0.0891,0.0020,-0.0930,-0.0852,_,_,1
Table any_ptsd * any_oth,Row 1,0.1915,0.0003,0.1909,0.1922,0.1909,0.1922,
Table any_ptsd * any_oth,Row 2,0.4844,0.0032,0.4782,0.4906,0.4782,0.4906,
Table any_ptsd * any_oth,Total,0.1967,0.0003,0.1961,0.1974,0.1961,0.1974,
Table any_ptsd * any_oth,Difference,-0.2929,0.0032,-0.2991,-0.2866,_,_,1
Table any_ptsd * any_slp,Row 1,0.1720,0.0003,0.1714,0.1727,0.1714,0.1727,
Table any_ptsd * any_slp,Row 2,0.4332,0.0031,0.4270,0.4394,0.4270,0.4394,
Table any_ptsd * any_slp,Total,0.1767,0.0003,0.1761,0.1773,0.1761,0.1773,
Table any_ptsd * any_slp,Difference,-0.2612,0.0032,-0.2674,-0.2550,_,_,1
Table any_ptsd * any_sex,Row 1,0.0263,0.0001,0.0260,0.0265,0.0260,0.0265,
Table any_ptsd * any_sex,Row 2,0.0354,0.0012,0.0331,0.0377,0.0331,0.0377,
Table any_ptsd * any_sex,Total,0.0264,0.0001,0.0262,0.0267,0.0262,0.0267,
Table any_ptsd * any_sex,Difference,-0.0091,0.0012,-0.0114,-0.0068,_,_,1
Table any_ptsd * any_per,Row 1,0.0107,0.0001,0.0106,0.0109,0.0106,0.0109,
Table any_ptsd * any_per,Row 2,0.0925,0.0018,0.0889,0.0961,0.0889,0.0961,
Table any_ptsd * any_per,Total,0.0122,0.0001,0.0120,0.0124,0.0120,0.0124,
Table any_ptsd * any_per,Difference,-0.0817,0.0018,-0.0854,-0.0781,_,_,1
Table any_ptsd * any_sui,Row 1,0.0081,0.0001,0.0079,0.0082,0.0079,0.0082,
Table any_ptsd * any_sui,Row 2,0.0693,0.0016,0.0661,0.0724,0.0661,0.0725,
Table any_ptsd * any_sui,Total,0.0092,0.0001,0.0090,0.0093,0.0090,0.0093,
Table any_ptsd * any_sui,Difference,-0.0612,0.0016,-0.0643,-0.0580,_,_,1
Table any_som * any_adhd,Row 1,0.0164,0.0001,0.0162,0.0166,0.0162,0.0166,
Table any_som * any_adhd,Row 2,0.0488,0.0019,0.0452,0.0524,0.0452,0.0526,
Table any_som * any_adhd,Total,0.0167,0.0001,0.0165,0.0169,0.0165,0.0169,
Table any_som * any_adhd,Difference,-0.0324,0.0019,-0.0361,-0.0288,_,_,1
Table any_som * any_sub,Row 1,0.0554,0.0002,0.0550,0.0558,0.0550,0.0558,
Table any_som * any_sub,Row 2,0.1207,0.0028,0.1152,0.1262,0.1152,0.1263,
Table any_som * any_sub,Total,0.0560,0.0002,0.0557,0.0564,0.0557,0.0564,
Table any_som * any_sub,Difference,-0.0653,0.0028,-0.0708,-0.0598,_,_,1
Table any_som * any_dep,Row 1,0.2565,0.0004,0.2558,0.2572,0.2558,0.2572,
Table any_som * any_dep,Row 2,0.5642,0.0043,0.5558,0.5726,0.5558,0.5726,
Table any_som * any_dep,Total,0.2595,0.0004,0.2587,0.2602,0.2587,0.2602,
Table any_som * any_dep,Difference,-0.3077,0.0043,-0.3161,-0.2993,_,_,1
Table any_som * any_str,Row 1,0.2431,0.0004,0.2424,0.2438,0.2424,0.2438,
Table any_som * any_str,Row 2,0.3839,0.0042,0.3757,0.3921,0.3756,0.3921,
Table any_som * any_str,Total,0.2444,0.0004,0.2437,0.2451,0.2437,0.2452,
Table any_som * any_str,Difference,-0.1408,0.0042,-0.1490,-0.1325,_,_,1
Table any_som * any_anx,Row 1,0.1239,0.0003,0.1234,0.1245,0.1234,0.1245,
Table any_som * any_anx,Row 2,0.4795,0.0043,0.4711,0.4880,0.4711,0.4880,
Table any_som * any_anx,Total,0.1273,0.0003,0.1268,0.1279,0.1268,0.1279,
Table any_som * any_anx,Difference,-0.3556,0.0043,-0.3641,-0.3472,_,_,1
Table any_som * any_phb,Row 1,0.0262,0.0001,0.0260,0.0265,0.0260,0.0265,
Table any_som * any_phb,Row 2,0.1039,0.0026,0.0988,0.1091,0.0988,0.1092,
Table any_som * any_phb,Total,0.0270,0.0001,0.0267,0.0273,0.0267,0.0273,
Table any_som * any_phb,Difference,-0.0777,0.0026,-0.0828,-0.0725,_,_,1
Table any_som * any_ptsd,Row 1,0.0170,0.0001,0.0168,0.0173,0.0168,0.0173,
Table any_som * any_ptsd,Row 2,0.0934,0.0025,0.0885,0.0983,0.0885,0.0984,
Table any_som * any_ptsd,Total,0.0178,0.0001,0.0176,0.0180,0.0176,0.0180,
Table any_som * any_ptsd,Difference,-0.0763,0.0025,-0.0812,-0.0714,_,_,1
Table any_som * any_som,Row 1,0.0000,0.0000,0.0000,0.0000,0.0000,0.0000,
Table any_som * any_som,Row 2,1.0000,0.0000,1.0000,1.0000,0.9997,1.0000,
Table any_som * any_som,Total,0.0096,0.0001,0.0095,0.0098,0.0095,0.0098,
Table any_som * any_som,Difference,-1.0000,0.0000,-1.0000,-1.0000,_,_,1
Table any_som * any_psy,Row 1,0.0209,0.0001,0.0206,0.0211,0.0206,0.0211,
Table any_som * any_psy,Row 2,0.0864,0.0024,0.0816,0.0911,0.0817,0.0913,
Table any_som * any_psy,Total,0.0215,0.0001,0.0213,0.0217,0.0213,0.0217,
Table any_som * any_psy,Difference,-0.0655,0.0024,-0.0703,-0.0608,_,_,1
Table any_som * any_oth,Row 1,0.1947,0.0003,0.1940,0.1953,0.1940,0.1953,
Table any_som * any_oth,Row 2,0.4078,0.0042,0.3995,0.4161,0.3995,0.4161,
Table any_som * any_oth,Total,0.1967,0.0003,0.1961,0.1974,0.1961,0.1974,
Table any_som * any_oth,Difference,-0.2131,0.0042,-0.2214,-0.2048,_,_,1
Table any_som * any_slp,Row 1,0.1751,0.0003,0.1744,0.1757,0.1744,0.1757,
Table any_som * any_slp,Row 2,0.3420,0.0041,0.3340,0.3501,0.3340,0.3501,
Table any_som * any_slp,Total,0.1767,0.0003,0.1761,0.1773,0.1761,0.1773,
Table any_som * any_slp,Difference,-0.1670,0.0041,-0.1750,-0.1589,_,_,1
Table any_som * any_sex,Row 1,0.0264,0.0001,0.0261,0.0266,0.0261,0.0266,
Table any_som * any_sex,Row 2,0.0325,0.0015,0.0295,0.0355,0.0295,0.0356,
Table any_som * any_sex,Total,0.0264,0.0001,0.0262,0.0267,0.0262,0.0267,
Table any_som * any_sex,Difference,-0.0061,0.0015,-0.0091,-0.0031,_,_,1
Table any_som * any_per,Row 1,0.0116,0.0001,0.0115,0.0118,0.0115,0.0118,
Table any_som * any_per,Row 2,0.0677,0.0022,0.0634,0.0719,0.0635,0.0720,
Table any_som * any_per,Total,0.0122,0.0001,0.0120,0.0124,0.0120,0.0124,
Table any_som * any_per,Difference,-0.0560,0.0022,-0.0603,-0.0518,_,_,1
Table any_som * any_sui,Row 1,0.0089,0.0001,0.0087,0.0090,0.0087,0.0090,
Table any_som * any_sui,Row 2,0.0414,0.0017,0.0380,0.0447,0.0381,0.0449,
Table any_som * any_sui,Total,0.0092,0.0001,0.0090,0.0093,0.0090,0.0093,
Table any_som * any_sui,Difference,-0.0325,0.0017,-0.0359,-0.0291,_,_,1
Table any_psy * any_adhd,Row 1,0.0143,0.0001,0.0141,0.0145,0.0141,0.0145,
Table any_psy * any_adhd,Row 2,0.1245,0.0019,0.1208,0.1283,0.1208,0.1283,
Table any_psy * any_adhd,Total,0.0167,0.0001,0.0165,0.0169,0.0165,0.0169,
Table any_psy * any_adhd,Difference,-0.1102,0.0019,-0.1139,-0.1065,_,_,1
Table any_psy * any_sub,Row 1,0.0508,0.0002,0.0505,0.0512,0.0505,0.0512,
Table any_psy * any_sub,Row 2,0.2937,0.0026,0.2885,0.2988,0.2885,0.2988,
Table any_psy * any_sub,Total,0.0560,0.0002,0.0557,0.0564,0.0557,0.0564,
Table any_psy * any_sub,Difference,-0.2428,0.0026,-0.2480,-0.2377,_,_,1
Table any_psy * any_dep,Row 1,0.2488,0.0004,0.2481,0.2496,0.2481,0.2496,
Table any_psy * any_dep,Row 2,0.7434,0.0025,0.7385,0.7483,0.7384,0.7483,
Table any_psy * any_dep,Total,0.2595,0.0004,0.2587,0.2602,0.2587,0.2602,
Table any_psy * any_dep,Difference,-0.4946,0.0025,-0.4995,-0.4896,_,_,1
Table any_psy * any_str,Row 1,0.2415,0.0004,0.2408,0.2422,0.2408,0.2422,
Table any_psy * any_str,Row 2,0.3795,0.0028,0.3740,0.3849,0.3740,0.3850,
Table any_psy * any_str,Total,0.2444,0.0004,0.2437,0.2451,0.2437,0.2452,
Table any_psy * any_str,Difference,-0.1380,0.0028,-0.1435,-0.1324,_,_,1
Table any_psy * any_anx,Row 1,0.1195,0.0003,0.1190,0.1201,0.1190,0.1201,
Table any_psy * any_anx,Row 2,0.4839,0.0029,0.4783,0.4896,0.4783,0.4896,
Table any_psy * any_anx,Total,0.1273,0.0003,0.1268,0.1279,0.1268,0.1279,
Table any_psy * any_anx,Difference,-0.3644,0.0029,-0.3701,-0.3587,_,_,1
Table any_psy * any_phb,Row 1,0.0250,0.0001,0.0247,0.0253,0.0247,0.0253,
Table any_psy * any_phb,Row 2,0.1177,0.0019,0.1141,0.1213,0.1141,0.1214,
Table any_psy * any_phb,Total,0.0270,0.0001,0.0267,0.0273,0.0267,0.0273,
Table any_psy * any_phb,Difference,-0.0927,0.0019,-0.0964,-0.0891,_,_,1
Table any_psy * any_ptsd,Row 1,0.0162,0.0001,0.0160,0.0164,0.0160,0.0164,
Table any_psy * any_ptsd,Row 2,0.0902,0.0017,0.0869,0.0934,0.0869,0.0935,
Table any_psy * any_ptsd,Total,0.0178,0.0001,0.0176,0.0180,0.0176,0.0180,
Table any_psy * any_ptsd,Difference,-0.0740,0.0017,-0.0772,-0.0707,_,_,1
Table any_psy * any_som,Row 1,0.0090,0.0001,0.0088,0.0091,0.0088,0.0091,
Table any_psy * any_som,Row 2,0.0387,0.0011,0.0365,0.0409,0.0365,0.0409,
Table any_psy * any_som,Total,0.0096,0.0001,0.0095,0.0098,0.0095,0.0098,
Table any_psy * any_som,Difference,-0.0297,0.0011,-0.0319,-0.0275,_,_,1
Table any_psy * any_psy,Row 1,0.0000,0.0000,0.0000,0.0000,0.0000,0.0000,
Table any_psy * any_psy,Row 2,1.0000,0.0000,1.0000,1.0000,0.9999,1.0000,
Table any_psy * any_psy,Total,0.0215,0.0001,0.0213,0.0217,0.0213,0.0217,
Table any_psy * any_psy,Difference,-1.0000,0.0000,-1.0000,-1.0000,_,_,1
Table any_psy * any_oth,Row 1,0.1894,0.0003,0.1887,0.1900,0.1887,0.1900,
Table any_psy * any_oth,Row 2,0.5317,0.0029,0.5260,0.5373,0.5260,0.5373,
Table any_psy * any_oth,Total,0.1967,0.0003,0.1961,0.1974,0.1961,0.1974,
Table any_psy * any_oth,Difference,-0.3423,0.0029,-0.3480,-0.3366,_,_,1
Table any_psy * any_slp,Row 1,0.1709,0.0003,0.1703,0.1715,0.1703,0.1715,
Table any_psy * any_slp,Row 2,0.4406,0.0029,0.4350,0.4462,0.4349,0.4462,
Table any_psy * any_slp,Total,0.1767,0.0003,0.1761,0.1773,0.1761,0.1773,
Table any_psy * any_slp,Difference,-0.2697,0.0029,-0.2753,-0.2640,_,_,1
Table any_psy * any_sex,Row 1,0.0259,0.0001,0.0256,0.0262,0.0257,0.0262,
Table any_psy * any_sex,Row 2,0.0501,0.0013,0.0477,0.0526,0.0477,0.0527,
Table any_psy * any_sex,Total,0.0264,0.0001,0.0262,0.0267,0.0262,0.0267,
Table any_psy * any_sex,Difference,-0.0242,0.0013,-0.0267,-0.0217,_,_,1
Table any_psy * any_per,Row 1,0.0094,0.0001,0.0092,0.0095,0.0092,0.0095,
Table any_psy * any_per,Row 2,0.1403,0.0020,0.1364,0.1442,0.1364,0.1443,
Table any_psy * any_per,Total,0.0122,0.0001,0.0120,0.0124,0.0120,0.0124,
Table any_psy * any_per,Difference,-0.1309,0.0020,-0.1349,-0.1270,_,_,1
Table any_psy * any_sui,Row 1,0.0068,0.0001,0.0067,0.0070,0.0067,0.0070,
Table any_psy * any_sui,Row 2,0.1152,0.0018,0.1116,0.1188,0.1116,0.1188,
Table any_psy * any_sui,Total,0.0092,0.0001,0.0090,0.0093,0.0090,0.0093,
Table any_psy * any_sui,Difference,-0.1083,0.0018,-0.1119,-0.1047,_,_,1
Table any_oth * any_adhd,Row 1,0.0105,0.0001,0.0103,0.0107,0.0103,0.0107,
Table any_oth * any_adhd,Row 2,0.0419,0.0004,0.0412,0.0427,0.0412,0.0427,
Table any_oth * any_adhd,Total,0.0167,0.0001,0.0165,0.0169,0.0165,0.0169,
Table any_oth * any_adhd,Difference,-0.0314,0.0004,-0.0322,-0.0306,_,_,1
Table any_oth * any_sub,Row 1,0.0453,0.0002,0.0449,0.0457,0.0449,0.0457,
Table any_oth * any_sub,Row 2,0.0999,0.0006,0.0988,0.1010,0.0988,0.1011,
Table any_oth * any_sub,Total,0.0560,0.0002,0.0557,0.0564,0.0557,0.0564,
Table any_oth * any_sub,Difference,-0.0546,0.0006,-0.0558,-0.0534,_,_,1
Table any_oth * any_dep,Row 1,0.2045,0.0004,0.2037,0.2052,0.2037,0.2052,
Table any_oth * any_dep,Row 2,0.4840,0.0010,0.4822,0.4859,0.4822,0.4859,
Table any_oth * any_dep,Total,0.2595,0.0004,0.2587,0.2602,0.2587,0.2602,
Table any_oth * any_dep,Difference,-0.2796,0.0010,-0.2816,-0.2776,_,_,1
Table any_oth * any_str,Row 1,0.2048,0.0004,0.2040,0.2055,0.2040,0.2055,
Table any_oth * any_str,Row 2,0.4063,0.0009,0.4045,0.4082,0.4045,0.4082,
Table any_oth * any_str,Total,0.2444,0.0004,0.2437,0.2451,0.2437,0.2452,
Table any_oth * any_str,Difference,-0.2015,0.0010,-0.2035,-0.1996,_,_,1
Table any_oth * any_anx,Row 1,0.0967,0.0003,0.0961,0.0972,0.0961,0.0972,
Table any_oth * any_anx,Row 2,0.2525,0.0008,0.2509,0.2541,0.2509,0.2541,
Table any_oth * any_anx,Total,0.1273,0.0003,0.1268,0.1279,0.1268,0.1279,
Table any_oth * any_anx,Difference,-0.1558,0.0009,-0.1575,-0.1541,_,_,1
Table any_oth * any_phb,Row 1,0.0210,0.0001,0.0207,0.0212,0.0207,0.0212,
Table any_oth * any_phb,Row 2,0.0516,0.0004,0.0508,0.0525,0.0508,0.0525,
Table any_oth * any_phb,Total,0.0270,0.0001,0.0267,0.0273,0.0267,0.0273,
Table any_oth * any_phb,Difference,-0.0307,0.0004,-0.0315,-0.0298,_,_,1
Table any_oth * any_ptsd,Row 1,0.0114,0.0001,0.0112,0.0116,0.0112,0.0116,
Table any_oth * any_ptsd,Row 2,0.0438,0.0004,0.0430,0.0445,0.0430,0.0445,
Table any_oth * any_ptsd,Total,0.0178,0.0001,0.0176,0.0180,0.0176,0.0180,
Table any_oth * any_ptsd,Difference,-0.0324,0.0004,-0.0332,-0.0316,_,_,1
Table any_oth * any_som,Row 1,0.0071,0.0001,0.0069,0.0073,0.0069,0.0073,
Table any_oth * any_som,Row 2,0.0200,0.0003,0.0194,0.0205,0.0194,0.0205,
Table any_oth * any_som,Total,0.0096,0.0001,0.0095,0.0098,0.0095,0.0098,
Table any_oth * any_som,Difference,-0.0129,0.0003,-0.0134,-0.0123,_,_,1
Table any_oth * any_psy,Row 1,0.0125,0.0001,0.0123,0.0127,0.0123,0.0127,
Table any_oth * any_psy,Row 2,0.0581,0.0004,0.0572,0.0590,0.0572,0.0590,
Table any_oth * any_psy,Total,0.0215,0.0001,0.0213,0.0217,0.0213,0.0217,
Table any_oth * any_psy,Difference,-0.0456,0.0005,-0.0465,-0.0447,_,_,1
Table any_oth * any_oth,Row 1,0.0000,0.0000,0.0000,0.0000,0.0000,0.0000,
Table any_oth * any_oth,Row 2,1.0000,0.0000,1.0000,1.0000,1.0000,1.0000,
Table any_oth * any_oth,Total,0.1967,0.0003,0.1961,0.1974,0.1961,0.1974,
Table any_oth * any_oth,Difference,-1.0000,0.0000,-1.0000,-1.0000,_,_,1
Table any_oth * any_slp,Row 1,0.1461,0.0003,0.1455,0.1468,0.1455,0.1468,
Table any_oth * any_slp,Row 2,0.3015,0.0009,0.2997,0.3032,0.2997,0.3032,
Table any_oth * any_slp,Total,0.1767,0.0003,0.1761,0.1773,0.1761,0.1773,
Table any_oth * any_slp,Difference,-0.1553,0.0009,-0.1572,-0.1535,_,_,1
Table any_oth * any_sex,Row 1,0.0254,0.0001,0.0252,0.0257,0.0252,0.0257,
Table any_oth * any_sex,Row 2,0.0305,0.0003,0.0298,0.0311,0.0298,0.0311,
Table any_oth * any_sex,Total,0.0264,0.0001,0.0262,0.0267,0.0262,0.0267,
Table any_oth * any_sex,Difference,-0.0050,0.0004,-0.0057,-0.0043,_,_,1
Table any_oth * any_per,Row 1,0.0072,0.0001,0.0071,0.0074,0.0071,0.0074,
Table any_oth * any_per,Row 2,0.0325,0.0003,0.0318,0.0331,0.0318,0.0331,
Table any_oth * any_per,Total,0.0122,0.0001,0.0120,0.0124,0.0120,0.0124,
Table any_oth * any_per,Difference,-0.0252,0.0003,-0.0259,-0.0246,_,_,1
Table any_oth * any_sui,Row 1,0.0054,0.0001,0.0053,0.0056,0.0053,0.0056,
Table any_oth * any_sui,Row 2,0.0245,0.0003,0.0239,0.0251,0.0239,0.0251,
Table any_oth * any_sui,Total,0.0092,0.0001,0.0090,0.0093,0.0090,0.0093,
Table any_oth * any_sui,Difference,-0.0191,0.0003,-0.0197,-0.0185,_,_,1
Table any_slp * any_adhd,Row 1,0.0116,0.0001,0.0114,0.0118,0.0114,0.0118,
Table any_slp * any_adhd,Row 2,0.0405,0.0004,0.0398,0.0413,0.0398,0.0413,
Table any_slp * any_adhd,Total,0.0167,0.0001,0.0165,0.0169,0.0165,0.0169,
Table any_slp * any_adhd,Difference,-0.0290,0.0004,-0.0298,-0.0282,_,_,1
Table any_slp * any_sub,Row 1,0.0421,0.0002,0.0417,0.0424,0.0417,0.0424,
Table any_slp * any_sub,Row 2,0.1212,0.0007,0.1199,0.1225,0.1199,0.1225,
Table any_slp * any_sub,Total,0.0560,0.0002,0.0557,0.0564,0.0557,0.0564,
Table any_slp * any_sub,Difference,-0.0791,0.0007,-0.0805,-0.0778,_,_,1
Table any_slp * any_dep,Row 1,0.2115,0.0004,0.2107,0.2122,0.2107,0.2122,
Table any_slp * any_dep,Row 2,0.4831,0.0010,0.4811,0.4851,0.4811,0.4851,
Table any_slp * any_dep,Total,0.2595,0.0004,0.2587,0.2602,0.2587,0.2602,
Table any_slp * any_dep,Difference,-0.2716,0.0011,-0.2737,-0.2695,_,_,1
Table any_slp * any_str,Row 1,0.2145,0.0004,0.2138,0.2153,0.2138,0.2153,
Table any_slp * any_str,Row 2,0.3838,0.0010,0.3819,0.3857,0.3819,0.3858,
Table any_slp * any_str,Total,0.2444,0.0004,0.2437,0.2451,0.2437,0.2452,
Table any_slp * any_str,Difference,-0.1693,0.0011,-0.1714,-0.1672,_,_,1
Table any_slp * any_anx,Row 1,0.0975,0.0003,0.0969,0.0980,0.0969,0.0980,
Table any_slp * any_anx,Row 2,0.2666,0.0009,0.2648,0.2683,0.2648,0.2683,
Table any_slp * any_anx,Total,0.1273,0.0003,0.1268,0.1279,0.1268,0.1279,
Table any_slp * any_anx,Difference,-0.1691,0.0009,-0.1710,-0.1673,_,_,1
Table any_slp * any_phb,Row 1,0.0210,0.0001,0.0208,0.0213,0.0208,0.0213,
Table any_slp * any_phb,Row 2,0.0548,0.0005,0.0539,0.0557,0.0539,0.0557,
Table any_slp * any_phb,Total,0.0270,0.0001,0.0267,0.0273,0.0267,0.0273,
Table any_slp * any_phb,Difference,-0.0337,0.0005,-0.0347,-0.0328,_,_,1
Table any_slp * any_ptsd,Row 1,0.0122,0.0001,0.0120,0.0124,0.0120,0.0124,
Table any_slp * any_ptsd,Row 2,0.0436,0.0004,0.0428,0.0444,0.0428,0.0444,
Table any_slp * any_ptsd,Total,0.0178,0.0001,0.0176,0.0180,0.0176,0.0180,
Table any_slp * any_ptsd,Difference,-0.0313,0.0004,-0.0322,-0.0305,_,_,1
Table any_slp * any_som,Row 1,0.0077,0.0001,0.0075,0.0079,0.0075,0.0079,
Table any_slp * any_som,Row 2,0.0186,0.0003,0.0181,0.0192,0.0181,0.0192,
Table any_slp * any_som,Total,0.0096,0.0001,0.0095,0.0098,0.0095,0.0098,
Table any_slp * any_som,Difference,-0.0109,0.0003,-0.0115,-0.0104,_,_,1
Table any_slp * any_psy,Row 1,0.0146,0.0001,0.0144,0.0148,0.0144,0.0148,
Table any_slp * any_psy,Row 2,0.0536,0.0005,0.0527,0.0545,0.0527,0.0545,
Table any_slp * any_psy,Total,0.0215,0.0001,0.0213,0.0217,0.0213,0.0217,
Table any_slp * any_psy,Difference,-0.0390,0.0005,-0.0399,-0.0381,_,_,1
Table any_slp * any_oth,Row 1,0.1669,0.0003,0.1662,0.1676,0.1662,0.1676,
Table any_slp * any_oth,Row 2,0.3357,0.0009,0.3338,0.3375,0.3338,0.3375,
Table any_slp * any_oth,Total,0.1967,0.0003,0.1961,0.1974,0.1961,0.1974,
Table any_slp * any_oth,Difference,-0.1687,0.0010,-0.1707,-0.1667,_,_,1
Table any_slp * any_slp,Row 1,0.0000,0.0000,0.0000,0.0000,0.0000,0.0000,
Table any_slp * any_slp,Row 2,1.0000,0.0000,1.0000,1.0000,1.0000,1.0000,
Table any_slp * any_slp,Total,0.1767,0.0003,0.1761,0.1773,0.1761,0.1773,
Table any_slp * any_slp,Difference,-1.0000,0.0000,-1.0000,-1.0000,_,_,1
Table any_slp * any_sex,Row 1,0.0232,0.0001,0.0229,0.0234,0.0229,0.0234,
Table any_slp * any_sex,Row 2,0.0417,0.0004,0.0409,0.0425,0.0409,0.0425,
Table any_slp * any_sex,Total,0.0264,0.0001,0.0262,0.0267,0.0262,0.0267,
Table any_slp * any_sex,Difference,-0.0186,0.0004,-0.0194,-0.0177,_,_,1
Table any_slp * any_per,Row 1,0.0086,0.0001,0.0084,0.0087,0.0084,0.0087,
Table any_slp * any_per,Row 2,0.0290,0.0003,0.0283,0.0297,0.0284,0.0297,
Table any_slp * any_per,Total,0.0122,0.0001,0.0120,0.0124,0.0120,0.0124,
Table any_slp * any_per,Difference,-0.0204,0.0003,-0.0211,-0.0198,_,_,1
Table any_slp * any_sui,Row 1,0.0056,0.0001,0.0055,0.0057,0.0055,0.0057,
Table any_slp * any_sui,Row 2,0.0259,0.0003,0.0253,0.0265,0.0253,0.0265,
Table any_slp * any_sui,Total,0.0092,0.0001,0.0090,0.0093,0.0090,0.0093,
Table any_slp * any_sui,Difference,-0.0203,0.0003,-0.0209,-0.0197,_,_,1
Table any_sex * any_adhd,Row 1,0.0160,0.0001,0.0158,0.0162,0.0158,0.0162,
Table any_sex * any_adhd,Row 2,0.0416,0.0010,0.0396,0.0436,0.0396,0.0437,
Table any_sex * any_adhd,Total,0.0167,0.0001,0.0165,0.0169,0.0165,0.0169,
Table any_sex * any_adhd,Difference,-0.0256,0.0010,-0.0276,-0.0235,_,_,1
Table any_sex * any_sub,Row 1,0.0540,0.0002,0.0536,0.0544,0.0536,0.0544,
Table any_sex * any_sub,Row 2,0.1309,0.0018,0.1275,0.1344,0.1275,0.1344,
Table any_sex * any_sub,Total,0.0560,0.0002,0.0557,0.0564,0.0557,0.0564,
Table any_sex * any_sub,Difference,-0.0769,0.0018,-0.0804,-0.0735,_,_,1
Table any_sex * any_dep,Row 1,0.2572,0.0004,0.2564,0.2579,0.2564,0.2579,
Table any_sex * any_dep,Row 2,0.3443,0.0025,0.3395,0.3491,0.3395,0.3492,
Table any_sex * any_dep,Total,0.2595,0.0004,0.2587,0.2602,0.2587,0.2602,
Table any_sex * any_dep,Difference,-0.0871,0.0025,-0.0920,-0.0822,_,_,1
Table any_sex * any_str,Row 1,0.2439,0.0004,0.2432,0.2446,0.2432,0.2446,
Table any_sex * any_str,Row 2,0.2642,0.0023,0.2597,0.2687,0.2597,0.2688,
Table any_sex * any_str,Total,0.2444,0.0004,0.2437,0.2451,0.2437,0.2452,
Table any_sex * any_str,Difference,-0.0203,0.0023,-0.0249,-0.0158,_,_,1
Table any_sex * any_anx,Row 1,0.1261,0.0003,0.1256,0.1267,0.1256,0.1267,
Table any_sex * any_anx,Row 2,0.1723,0.0020,0.1684,0.1761,0.1685,0.1762,
Table any_sex * any_anx,Total,0.1273,0.0003,0.1268,0.1279,0.1268,0.1279,
Table any_sex * any_anx,Difference,-0.0462,0.0020,-0.0501,-0.0423,_,_,1
Table any_sex * any_phb,Row 1,0.0266,0.0001,0.0263,0.0268,0.0263,0.0268,
Table any_sex * any_phb,Row 2,0.0428,0.0011,0.0407,0.0449,0.0407,0.0449,
Table any_sex * any_phb,Total,0.0270,0.0001,0.0267,0.0273,0.0267,0.0273,
Table any_sex * any_phb,Difference,-0.0162,0.0011,-0.0183,-0.0141,_,_,1
Table any_sex * any_ptsd,Row 1,0.0176,0.0001,0.0174,0.0178,0.0174,0.0178,
Table any_sex * any_ptsd,Row 2,0.0238,0.0008,0.0222,0.0253,0.0222,0.0254,
Table any_sex * any_ptsd,Total,0.0178,0.0001,0.0176,0.0180,0.0176,0.0180,
Table any_sex * any_ptsd,Difference,-0.0062,0.0008,-0.0077,-0.0046,_,_,1
Table any_sex * any_som,Row 1,0.0096,0.0001,0.0094,0.0097,0.0094,0.0097,
Table any_sex * any_som,Row 2,0.0118,0.0006,0.0107,0.0129,0.0107,0.0130,
Table any_sex * any_som,Total,0.0096,0.0001,0.0095,0.0098,0.0095,0.0098,
Table any_sex * any_som,Difference,-0.0023,0.0006,-0.0034,-0.0011,_,_,1
Table any_sex * any_psy,Row 1,0.0210,0.0001,0.0207,0.0212,0.0207,0.0212,
Table any_sex * any_psy,Row 2,0.0408,0.0010,0.0387,0.0428,0.0388,0.0428,
Table any_sex * any_psy,Total,0.0215,0.0001,0.0213,0.0217,0.0213,0.0217,
Table any_sex * any_psy,Difference,-0.0198,0.0010,-0.0218,-0.0178,_,_,1
Table any_sex * any_oth,Row 1,0.1959,0.0003,0.1953,0.1966,0.1953,0.1966,
Table any_sex * any_oth,Row 2,0.2268,0.0022,0.2225,0.2310,0.2225,0.2311,
Table any_sex * any_oth,Total,0.1967,0.0003,0.1961,0.1974,0.1961,0.1974,
Table any_sex * any_oth,Difference,-0.0309,0.0022,-0.0352,-0.0265,_,_,1
Table any_sex * any_slp,Row 1,0.1739,0.0003,0.1733,0.1746,0.1733,0.1746,
Table any_sex * any_slp,Row 2,0.2788,0.0023,0.2742,0.2834,0.2742,0.2834,
Table any_sex * any_slp,Total,0.1767,0.0003,0.1761,0.1773,0.1761,0.1773,
Table any_sex * any_slp,Difference,-0.1049,0.0024,-0.1095,-0.1003,_,_,1
Table any_sex * any_sex,Row 1,0.0000,0.0000,0.0000,0.0000,0.0000,0.0000,
Table any_sex * any_sex,Row 2,1.0000,0.0000,1.0000,1.0000,0.9999,1.0000,
Table any_sex * any_sex,Total,0.0264,0.0001,0.0262,0.0267,0.0262,0.0267,
Table any_sex * any_sex,Difference,-1.0000,0.0000,-1.0000,-1.0000,_,_,1
Table any_sex * any_per,Row 1,0.0118,0.0001,0.0116,0.0120,0.0116,0.0120,
Table any_sex * any_per,Row 2,0.0260,0.0008,0.0243,0.0276,0.0244,0.0276,
Table any_sex * any_per,Total,0.0122,0.0001,0.0120,0.0124,0.0120,0.0124,
Table any_sex * any_per,Difference,-0.0142,0.0008,-0.0158,-0.0125,_,_,1
Table any_sex * any_sui,Row 1,0.0088,0.0001,0.0086,0.0090,0.0086,0.0090,
Table any_sex * any_sui,Row 2,0.0227,0.0008,0.0212,0.0242,0.0212,0.0243,
Table any_sex * any_sui,Total,0.0092,0.0001,0.0090,0.0093,0.0090,0.0093,
Table any_sex * any_sui,Difference,-0.0139,0.0008,-0.0154,-0.0124,_,_,1
Table any_per * any_adhd,Row 1,0.0150,0.0001,0.0148,0.0152,0.0148,0.0152,
Table any_per * any_adhd,Row 2,0.1557,0.0028,0.1503,0.1612,0.1503,0.1613,
Table any_per * any_adhd,Total,0.0167,0.0001,0.0165,0.0169,0.0165,0.0169,
Table any_per * any_adhd,Difference,-0.1408,0.0028,-0.1462,-0.1353,_,_,1
Table any_per * any_sub,Row 1,0.0530,0.0002,0.0527,0.0534,0.0527,0.0534,
Table any_per * any_sub,Row 2,0.2999,0.0035,0.2930,0.3068,0.2930,0.3068,
Table any_per * any_sub,Total,0.0560,0.0002,0.0557,0.0564,0.0557,0.0564,
Table any_per * any_sub,Difference,-0.2469,0.0035,-0.2537,-0.2400,_,_,1
Table any_per * any_dep,Row 1,0.2530,0.0004,0.2523,0.2538,0.2523,0.2538,
Table any_per * any_dep,Row 2,0.7812,0.0032,0.7750,0.7874,0.7749,0.7874,
Table any_per * any_dep,Total,0.2595,0.0004,0.2587,0.2602,0.2587,0.2602,
Table any_per * any_dep,Difference,-0.5282,0.0032,-0.5344,-0.5219,_,_,1
Table any_per * any_str,Row 1,0.2422,0.0004,0.2415,0.2429,0.2415,0.2429,
Table any_per * any_str,Row 2,0.4274,0.0038,0.4200,0.4349,0.4200,0.4349,
Table any_per * any_str,Total,0.2444,0.0004,0.2437,0.2451,0.2437,0.2452,
Table any_per * any_str,Difference,-0.1853,0.0038,-0.1927,-0.1778,_,_,1
Table any_per * any_anx,Row 1,0.1222,0.0003,0.1216,0.1227,0.1216,0.1227,
Table any_per * any_anx,Row 2,0.5478,0.0038,0.5403,0.5553,0.5403,0.5553,
Table any_per * any_anx,Total,0.1273,0.0003,0.1268,0.1279,0.1268,0.1279,
Table any_per * any_anx,Difference,-0.4256,0.0038,-0.4331,-0.4181,_,_,1
Table any_per * any_phb,Row 1,0.0251,0.0001,0.0248,0.0253,0.0248,0.0253,
Table any_per * any_phb,Row 2,0.1843,0.0030,0.1785,0.1901,0.1785,0.1902,
Table any_per * any_phb,Total,0.0270,0.0001,0.0267,0.0273,0.0267,0.0273,
Table any_per * any_phb,Difference,-0.1593,0.0030,-0.1651,-0.1534,_,_,1
Table any_per * any_ptsd,Row 1,0.0163,0.0001,0.0161,0.0165,0.0161,0.0165,
Table any_per * any_ptsd,Row 2,0.1349,0.0026,0.1298,0.1401,0.1299,0.1402,
Table any_per * any_ptsd,Total,0.0178,0.0001,0.0176,0.0180,0.0176,0.0180,
Table any_per * any_ptsd,Difference,-0.1186,0.0026,-0.1238,-0.1135,_,_,1
Table any_per * any_som,Row 1,0.0091,0.0001,0.0089,0.0092,0.0089,0.0092,
Table any_per * any_som,Row 2,0.0535,0.0017,0.0501,0.0569,0.0501,0.0570,
Table any_per * any_som,Total,0.0096,0.0001,0.0095,0.0098,0.0095,0.0098,
Table any_per * any_som,Difference,-0.0444,0.0017,-0.0478,-0.0410,_,_,1
Table any_per * any_psy,Row 1,0.0187,0.0001,0.0185,0.0189,0.0185,0.0189,
Table any_per * any_psy,Row 2,0.2475,0.0033,0.2411,0.2540,0.2411,0.2541,
Table any_per * any_psy,Total,0.0215,0.0001,0.0213,0.0217,0.0213,0.0217,
Table any_per * any_psy,Difference,-0.2288,0.0033,-0.2353,-0.2223,_,_,1
Table any_per * any_oth,Row 1,0.1927,0.0003,0.1920,0.1934,0.1920,0.1934,
Table any_per * any_oth,Row 2,0.5242,0.0038,0.5167,0.5317,0.5167,0.5317,
Table any_per * any_oth,Total,0.1967,0.0003,0.1961,0.1974,0.1961,0.1974,
Table any_per * any_oth,Difference,-0.3315,0.0038,-0.3390,-0.3240,_,_,1
Table any_per * any_slp,Row 1,0.1737,0.0003,0.1730,0.1743,0.1730,0.1743,
Table any_per * any_slp,Row 2,0.4208,0.0038,0.4133,0.4282,0.4133,0.4282,
Table any_per * any_slp,Total,0.1767,0.0003,0.1761,0.1773,0.1761,0.1773,
Table any_per * any_slp,Difference,-0.2471,0.0038,-0.2545,-0.2396,_,_,1
Table any_per * any_sex,Row 1,0.0261,0.0001,0.0258,0.0263,0.0258,0.0263,
Table any_per * any_sex,Row 2,0.0564,0.0018,0.0529,0.0598,0.0529,0.0599,
Table any_per * any_sex,Total,0.0264,0.0001,0.0262,0.0267,0.0262,0.0267,
Table any_per * any_sex,Difference,-0.0303,0.0018,-0.0338,-0.0268,_,_,1
Table any_per * any_per,Row 1,0.0000,0.0000,0.0000,0.0000,0.0000,0.0000,
Table any_per * any_per,Row 2,1.0000,0.0000,1.0000,1.0000,0.9998,1.0000,
Table any_per * any_per,Total,0.0122,0.0001,0.0120,0.0124,0.0120,0.0124,
Table any_per * any_per,Difference,-1.0000,0.0000,-1.0000,-1.0000,_,_,1
Table any_per * any_sui,Row 1,0.0076,0.0001,0.0074,0.0077,0.0074,0.0077,
Table any_per * any_sui,Row 2,0.1375,0.0026,0.1323,0.1426,0.1323,0.1427,
Table any_per * any_sui,Total,0.0092,0.0001,0.0090,0.0093,0.0090,0.0093,
Table any_per * any_sui,Difference,-0.1299,0.0026,-0.1351,-0.1247,_,_,1
Table any_sui * any_adhd,Row 1,0.0156,0.0001,0.0154,0.0159,0.0154,0.0159,
Table any_sui * any_adhd,Row 2,0.1300,0.0030,0.1241,0.1358,0.1242,0.1359,
Table any_sui * any_adhd,Total,0.0167,0.0001,0.0165,0.0169,0.0165,0.0169,
Table any_sui * any_adhd,Difference,-0.1143,0.0030,-0.1201,-0.1085,_,_,1
Table any_sui * any_sub,Row 1,0.0521,0.0002,0.0517,0.0524,0.0517,0.0525,
Table any_sui * any_sub,Row 2,0.4848,0.0044,0.4762,0.4935,0.4762,0.4935,
Table any_sui * any_sub,Total,0.0560,0.0002,0.0557,0.0564,0.0557,0.0564,
Table any_sui * any_sub,Difference,-0.4328,0.0044,-0.4414,-0.4241,_,_,1
Table any_sui * any_dep,Row 1,0.2540,0.0004,0.2533,0.2547,0.2533,0.2547,
Table any_sui * any_dep,Row 2,0.8534,0.0031,0.8473,0.8596,0.8472,0.8595,
Table any_sui * any_dep,Total,0.2595,0.0004,0.2587,0.2602,0.2587,0.2602,
Table any_sui * any_dep,Difference,-0.5995,0.0031,-0.6056,-0.5933,_,_,1
Table any_sui * any_str,Row 1,0.2421,0.0004,0.2414,0.2428,0.2414,0.2428,
Table any_sui * any_str,Row 2,0.4972,0.0044,0.4886,0.5059,0.4885,0.5059,
Table any_sui * any_str,Total,0.2444,0.0004,0.2437,0.2451,0.2437,0.2452,
Table any_sui * any_str,Difference,-0.2551,0.0044,-0.2638,-0.2465,_,_,1
Table any_sui * any_anx,Row 1,0.1235,0.0003,0.1230,0.1241,0.1230,0.1241,
Table any_sui * any_anx,Row 2,0.5375,0.0044,0.5288,0.5461,0.5288,0.5461,
Table any_sui * any_anx,Total,0.1273,0.0003,0.1268,0.1279,0.1268,0.1279,
Table any_sui * any_anx,Difference,-0.4139,0.0044,-0.4226,-0.4053,_,_,1
Table any_sui * any_phb,Row 1,0.0261,0.0001,0.0258,0.0263,0.0258,0.0263,
Table any_sui * any_phb,Row 2,0.1278,0.0029,0.1220,0.1336,0.1220,0.1337,
Table any_sui * any_phb,Total,0.0270,0.0001,0.0267,0.0273,0.0267,0.0273,
Table any_sui * any_phb,Difference,-0.1017,0.0030,-0.1075,-0.0959,_,_,1
Table any_sui * any_ptsd,Row 1,0.0167,0.0001,0.0165,0.0169,0.0165,0.0169,
Table any_sui * any_ptsd,Row 2,0.1342,0.0030,0.1283,0.1401,0.1284,0.1403,
Table any_sui * any_ptsd,Total,0.0178,0.0001,0.0176,0.0180,0.0176,0.0180,
Table any_sui * any_ptsd,Difference,-0.1175,0.0030,-0.1235,-0.1116,_,_,1
Table any_sui * any_som,Row 1,0.0093,0.0001,0.0092,0.0095,0.0092,0.0095,
Table any_sui * any_som,Row 2,0.0434,0.0018,0.0399,0.0470,0.0400,0.0471,
Table any_sui * any_som,Total,0.0096,0.0001,0.0095,0.0098,0.0095,0.0098,
Table any_sui * any_som,Difference,-0.0341,0.0018,-0.0376,-0.0306,_,_,1
Table any_sui * any_psy,Row 1,0.0192,0.0001,0.0190,0.0194,0.0190,0.0194,
Table any_sui * any_psy,Row 2,0.2699,0.0039,0.2622,0.2776,0.2622,0.2777,
Table any_sui * any_psy,Total,0.0215,0.0001,0.0213,0.0217,0.0213,0.0217,
Table any_sui * any_psy,Difference,-0.2507,0.0039,-0.2584,-0.2430,_,_,1
Table any_sui * any_oth,Row 1,0.1937,0.0003,0.1930,0.1944,0.1930,0.1944,
Table any_sui * any_oth,Row 2,0.5255,0.0044,0.5168,0.5341,0.5168,0.5341,
Table any_sui * any_oth,Total,0.1967,0.0003,0.1961,0.1974,0.1961,0.1974,
Table any_sui * any_oth,Difference,-0.3318,0.0044,-0.3404,-0.3231,_,_,1
Table any_sui * any_slp,Row 1,0.1737,0.0003,0.1731,0.1743,0.1731,0.1743,
Table any_sui * any_slp,Row 2,0.4986,0.0044,0.4899,0.5072,0.4899,0.5072,
Table any_sui * any_slp,Total,0.1767,0.0003,0.1761,0.1773,0.1761,0.1773,
Table any_sui * any_slp,Difference,-0.3248,0.0044,-0.3335,-0.3162,_,_,1
Table any_sui * any_sex,Row 1,0.0261,0.0001,0.0258,0.0263,0.0258,0.0263,
Table any_sui * any_sex,Row 2,0.0654,0.0022,0.0611,0.0697,0.0612,0.0698,
Table any_sui * any_sex,Total,0.0264,0.0001,0.0262,0.0267,0.0262,0.0267,
Table any_sui * any_sex,Difference,-0.0393,0.0022,-0.0436,-0.0350,_,_,1
Table any_sui * any_per,Row 1,0.0106,0.0001,0.0104,0.0108,0.0104,0.0108,
Table any_sui * any_per,Row 2,0.1826,0.0034,0.1759,0.1893,0.1759,0.1894,
Table any_sui * any_per,Total,0.0122,0.0001,0.0120,0.0124,0.0120,0.0124,
Table any_sui * any_per,Difference,-0.1720,0.0034,-0.1787,-0.1653,_,_,1
Table any_sui * any_sui,Row 1,0.0000,0.0000,0.0000,0.0000,0.0000,0.0000,
Table any_sui * any_sui,Row 2,1.0000,0.0000,1.0000,1.0000,0.9997,1.0000,
Table any_sui * any_sui,Total,0.0092,0.0001,0.0090,0.0093,0.0090,0.0093,
Table any_sui * any_sui,Difference,-1.0000,0.0000,-1.0000,-1.0000,_,_,1
